"시설명","시설코드","시설종류명(시설유형)","시설종류상세명(시설종류)","자치구(시)구분","시설장명","시군구코드","시군구명","시설주소","정원(수용인원)","현인원","전화번호","우편번호"
"송파구방이복지관","A5039","(장애인) 장애인복지관","장애인지역사회재활시설","자치구","김진숙","1171000000","송파구","서울특별시 송파구 백제고분로37길 4 (석촌동)(석촌동)","160","160","02-3432-0477","05615"
"서울시각장애인복지관","A5105","(장애인) 장애인복지관","장애인지역사회재활시설","자치구","서혜미","1171000000","송파구","서울특별시 송파구 삼학사로19길 27　","0","0","02-422-8108","05601"
"서울시립발달장애인복지관","A5108","(장애인) 장애인복지관","장애인지역사회재활시설","자치구","최선자","1159000000","동작구","서울특별시 동작구 여의대방로20길 33-0395(보라매공원내)","752","752","02-840-1500","07062"
"청음복지관","A5237","(장애인) 장애인복지관","장애인지역사회재활시설","자치구","홍희정","1168000000","강남구","서울특별시 강남구 봉은사로50길 6　","","345","02-556-3493","06143"
"마포장애인종합복지관","A5241","(장애인) 장애인복지관","장애인지역사회재활시설","자치구","김은선","1144000000","마포구","서울특별시 마포구 성산로4길 353층(마포장애인종합복지관)(성산동)","","3743","02-306-6212","03965"
"다운복지관","A5242","(장애인) 장애인복지관","장애인지역사회재활시설","자치구","김인숙","1135000000","노원구","서울특별시 노원구 화랑로478","","414","02-3296-2114","01803"
"원광장애인종합복지관","A6053","(장애인) 장애인복지관","장애인지역사회재활시설","자치구","김선기","1126000000","중랑구","서울특별시 중랑구 신내로 56-0(신내동)","500","645","02)438-2691","02069"
"성프란치스꼬장애인종합복지관","A6313","(장애인) 장애인복지관","장애인지역사회재활시설","자치구","김희정","1153000000","구로구","서울특별시 구로구 남부순환로105라길 25-10","452","700","02-830-6500","08388"
"성모자애복지관","A6315","(장애인) 장애인복지관","장애인지역사회재활시설","자치구","김진영","1168000000","강남구","서울특별시 강남구 헌릉로757길 35　","300","300","0234119581","06378"
"사랑의집","C0084","(장애인) 장애인주간보호시설","장애인지역사회재활시설","자치구","안승표","1138000000","은평구","서울특별시 은평구 역말로10길 30-1오병이어복지관 1층","10","16","070-8632-3378","03392"
"베데스다장애인주간보호센터","C0253","(장애인) 장애인주간보호시설","장애인지역사회재활시설","자치구","심희남","1135000000","노원구","서울특별시 노원구 공릉로58마길 27나눔아트센터 2층 (하계동)","15","17","02-3391-2126","01808"
"다니엘주간보호센터","C0309","(장애인) 장애인주간보호시설","장애인지역사회재활시설","자치구","이인숙","1165000000","서초구","서울특별시 서초구 헌릉로468길 21-16(내곡동)","12","12","02-445-9630","06796"
"사랑나눔주간보호시설","C0343","(장애인) 장애인주간보호시설","장애인지역사회재활시설","자치구","이득남","1171000000","송파구","서울특별시 송파구 마천로51길 283층","10","10","02-400-8460","05758"
"늘푸른나무복지관","C0421","(장애인) 장애인복지관","장애인지역사회재활시설","자치구","정원택","1150000000","강서구","서울특별시 강서구 허준로5길 37  -0","","500","02)3661-3401","07524"
"서울시립북부장애인종합복지관","C0454","(장애인) 장애인복지관","장애인지역사회재활시설","자치구","신연화","1135000000","노원구","서울특별시 노원구 덕릉로70가길 92(상계6,7동 771번지)(상계동)","0","969","02-2092-1700","01772"
"서울시립남부장애인종합복지관","C0455","(장애인) 장애인복지관","장애인지역사회재활시설","자치구","이수정","1159000000","동작구","서울특별시 동작구 신대방2동395 보라매공원내","0","808","02-829-7100","07062"
"금천장애인종합복지관","C0464","(장애인) 장애인복지관","장애인지역사회재활시설","자치구","박은정","1154500000","금천구","서울특별시 금천구 시흥대로101길 17","0","227","02-6912-8000","153829"
"볕바라기주간보호센터","C0488","(장애인) 장애인주간보호시설","장애인지역사회재활시설","자치구","신혜옥","1154500000","금천구","서울특별시 금천구 금하로18길 8-1 (시흥동)","10","10","02-866-1314","08629"
"시립서대문농아인복지관","C0613","(장애인) 장애인복지관","장애인지역사회재활시설","자치구","김연신","1141000000","서대문구","서울특별시 서대문구 수색로4가길 23(남가좌동)","398","329","02-3156-6699","03712"
"용산구립장애인주간보호센터","C0654","(장애인) 장애인주간보호시설","장애인지역사회재활시설","자치구","임종민","1117000000","용산구","서울특별시 용산구 한강대로 3313층","15","15","02-701-4282","04320"
"송파인성장애인복지관","C0688","(장애인) 장애인복지관","장애인지역사회재활시설","자치구","양재혁","1171000000","송파구","서울특별시 송파구 마천로61길 26송파인성장애인복지관","0","0","02-431-8881","138820"
"사랑의복지관","C0689","(장애인) 장애인복지관","장애인지역사회재활시설","자치구","남동우","1165000000","서초구","서울특별시 서초구 강남대로 65길 19  ","","237","070-7727-2520","137856"
"성북장애인복지관","C0700","(장애인) 장애인복지관","장애인지역사회재활시설","자치구","김용진","1129000000","성북구","서울특별시 성북구 화랑로 130　","","280","02-915-9200","136130"
"하누리주간보호센터","C0740","(장애인) 장애인주간보호시설","장애인지역사회재활시설","자치구","박태호","1154500000","금천구","서울특별시 금천구 시흥대로2길57 (시흥동)","18","15","02-802-8024","08654"
"헬렌켈러의집주간보호","C0743","(장애인) 장애인주간보호시설","장애인지역사회재활시설","자치구","윤미진","1130500000","강북구","서울특별시 강북구 삼양로80길 73층","10","11","02-6402-1791","01112"
"다니엘사랑이용센터","C0744","(장애인) 장애인주간보호시설","장애인지역사회재활시설","자치구","최은경","1165000000","서초구","서울특별시 서초구 헌릉로468길 21-16 (내곡동)(내곡동)","10","10","02-525-2536","06796"
"다솜장애인주간보호센터","C0748","(장애인) 장애인주간보호시설","장애인지역사회재활시설","자치구","이미순","1141000000","서대문구","서울특별시 서대문구 증가로4길 531층","15","15","02-372-4120","03664"
"신목장애인주간보호시설","C0750","(장애인) 장애인주간보호시설","장애인지역사회재활시설","자치구","김광제 ","1147000000","양천구","서울특별시 양천구 신목로 5(신정2동1278-1)","20","20","02-2643-7222","158764"
"주바라기해피홈","C0770","(장애인) 장애인주간보호시설","장애인지역사회재활시설","자치구","유선미","1132000000","도봉구","서울특별시 도봉구 도봉로169가길 45도봉동","20","20","02-3492-9135","01305"
"강북구수어통역센터","C0793","(장애인) 수화통역센터","장애인지역사회재활시설","자치구","안정인","1130500000","강북구","서울특별시 강북구 도봉로 3885층 (번동,테마빌딩)","46","7115","02-990-0872","01056"
"관악구수어통역센터","C0798","(장애인) 수화통역센터","장애인지역사회재활시설","자치구","이선민","1162000000","관악구","서울특별시 관악구 쑥고개로 1281층 (봉천동)","44","100","02-865-4466","08832"
"도봉구수어통역센터","C0799","(장애인) 수화통역센터","장애인지역사회재활시설","자치구","문  진","1132000000","도봉구","서울특별시 도봉구 마들로13길 153옥산빌딩 4층 (창동)","0","0","02-900-2331","01411"
"서울특별시수어통역센터지원본부","C0808","(장애인) 수화통역센터","장애인지역사회재활시설","자치구","김정환","1141000000","서대문구","서울특별시 서대문구 경기대로 15엘림넷빌딩 3층 (충정로3가)","160","243","02-323-4996","03751"
"가브리엘주간보호센터","C0835","(장애인) 장애인주간보호시설","장애인지역사회재활시설","자치구","이춘희","1135000000","노원구","서울특별시 노원구 한글비석로24라길 94-13 (상계동)","0","11","02-951-9907","01657"
"동천발달장애인주간활동센터","C0908","(장애인) 장애인주간보호시설","장애인지역사회재활시설","자치구","곽의수","1135000000","노원구","서울특별시 노원구 노원로18길 41(하계동)","25","19","02-976-0563","01747"
"섬김주간보호센터","C0913","(장애인) 장애인주간보호시설","장애인지역사회재활시설","자치구","신연화","1135000000","노원구","서울특별시 노원구 덕릉로70가길 92서울특별시립북부장애인복지관내 1층","0","13","02-2092-1781","01772"
"위드주간보호센터","C0975","(장애인) 장애인주간보호시설","장애인지역사회재활시설","자치구","김영희","1138000000","은평구","서울특별시 은평구 갈현로15길 11-131층","10","13","02-385-5841","03430"
"해피죤","C1071","(장애인) 장애인주간보호시설","장애인지역사회재활시설","자치구","송고은","1174000000","강동구","서울특별시 강동구 상암로 195에이플러스 5층 502호","15","15","024295200","05295"
"바오로교실주간보호센터","C1077","(장애인) 장애인주간보호시설","장애인지역사회재활시설","자치구","한현미","1138000000","은평구","서울특별시 은평구 증산로5길 7 (증산동)","12","12","02-305-5180","03500"
"성북구수어통역센터","C1132","(장애인) 수화통역센터","장애인지역사회재활시설","자치구","윤현주","1129000000","성북구","서울특별시 성북구 아리랑로4길 22201호 (동선동4가)","35","6707","02-922-7892","02829"
"아이비주간보호시설","C1143","(장애인) 장애인주간보호시설","장애인지역사회재활시설","자치구","문정현","1174000000","강동구","서울특별시 강동구 천중로 874층 (천호동)","10","10","02-474-3825","05321"
"하은장애인주간보호시설","C1199","(장애인) 장애인주간보호시설","장애인지역사회재활시설","자치구","송영훈","1147000000","양천구","서울특별시 양천구 신목로 203층","10","11","02-2654-0562","08015"
"예은장애인주간보호시설","C1213","(장애인) 장애인주간보호시설","장애인지역사회재활시설","자치구","민경미","1153000000","구로구","서울특별시 구로구 부일로15길 25-5금강빌딩 4층","10","14","02-2616-4282","152883"
"성민장애인주간보호소","C1230","(장애인) 장애인주간보호시설","장애인지역사회재활시설","자치구","차현미","1135000000","노원구","서울특별시 노원구 노원로32길 42-20","0","15","02-3391-4130","01703"
"기원주간보호센터","C1257","(장애인) 장애인주간보호시설","장애인지역사회재활시설","자치구","김향옥","1138000000","은평구","서울특별시 은평구 통일로87길 6-19","10","10","02-353-1367","03328"
"한마음 주간보호센터","C1274","(장애인) 장애인주간보호시설","장애인지역사회재활시설","자치구","김원희","1138000000","은평구","서울특별시 은평구 연서로17길 473층","10","13","02-353-4889","122814"
"용산구수어통역센터","C1307","(장애인) 수화통역센터","장애인지역사회재활시설","자치구","허명훈","1117000000","용산구","서울특별시 용산구 서빙고로 245 (서빙고동)","150","5389","02-706-8367","04384"
"시립영등포장애인복지관","C1309","(장애인) 장애인복지관","장애인지역사회재활시설","자치구","최종환","1156000000","영등포구","서울특별시 영등포구 버드나루로 22(영등포동2가)","","698","02-3667-7979","07254"
"다운주간보호센터","C1316","(장애인) 장애인주간보호시설","장애인지역사회재활시설","자치구","김인숙","1135000000","노원구","서울특별시 노원구 화랑로 478","15","16","02-3296-2114","01803"
"모랫말꿈터","C1366","(장애인) 장애인주간보호시설","장애인지역사회재활시설","자치구","정광림","1156000000","영등포구","서울특별시 영등포구 도영로 37 (도림동)","12","19","02-2181-6120","07373"
"햇살터(성프란치스꼬)","C1401","(장애인) 장애인주간보호시설","장애인지역사회재활시설","자치구","김희정","1153000000","구로구","서울특별시 구로구 남부순환로105라길 25-103층","12","12","070-4423-6140","08388"
"노원1장애인주간보호센터","C1422","(장애인) 장애인주간보호시설","장애인지역사회재활시설","자치구","정명진","1135000000","노원구","서울특별시 노원구 월계로 372단지 내 복지관 2층 (월계동, 월계사슴1단지아파트)","14","14","02-949-0700","01905"
"북부(종합사회복지관)장애인주간보호센터","C1430","(장애인) 장애인주간보호시설","장애인지역사회재활시설","자치구","김경태","1135000000","노원구","서울특별시 노원구 동일로245길 56상계1동 1257번지 (상계동, 북부종합사회복지관)","15","15","02-934-7717","01604"
"상계(종합사회복지관)장애인주간보호센터","C1451","(장애인) 장애인주간보호시설","장애인지역사회재활시설","자치구","김원호","1135000000","노원구","서울특별시 노원구 덕릉로115나길 25상계종합사회복지관 3층 장애인주간보호센터","0","16","02-951-9930","01638"
"평화장애인주간활동센터","C1452","(장애인) 장애인주간보호시설","장애인지역사회재활시설","자치구","정근철","1135000000","노원구","서울특별시 노원구 노원로 331평화종합사회복지관 내 (중계동, 시영3단지목련아파트)","15","13","02-949-0122","01786"
"영등포구주간보호센터","C1457","(장애인) 장애인주간보호시설","장애인지역사회재활시설","자치구","이길준","1156000000","영등포구","서울특별시 영등포구 신길로 553층","15","14","02-848-2902","07424"
"서울남부주간보호센터","C1471","(장애인) 장애인주간보호시설","장애인지역사회재활시설","자치구","홍표진","1159000000","동작구","서울특별시 동작구 여의대방로20길 33보라매공원 내 (신대방동)","15","14","02-829-7154","07062"
"한빛장애인주간보호센터","C1481","(장애인) 장애인주간보호시설","장애인지역사회재활시설","자치구","강신구","1147000000","양천구","서울특별시 양천구 신월로11길 16.","13","13","02-2690-8762","08031"
"노원시각장애인주간보호센터","C1495","(장애인) 장애인주간보호시설","장애인지역사회재활시설","자치구","서금희","1135000000","노원구","서울특별시 노원구 상계로23길 42 (상계동)","15","12","02-931-0889","01685"
"원광장애인주간보호시설","C1496","(장애인) 장애인주간보호시설","장애인지역사회재활시설","자치구","김선기","1126000000","중랑구","서울특별시 중랑구 신내로 56 (신내동)","12","12","070-7011-6709","02069"
"보라매주간보호센터","C1498","(장애인) 장애인주간보호시설","장애인지역사회재활시설","자치구","최선자","1159000000","동작구","서울특별시 동작구 여의대방로20길 33보라매공원 내 (신대방동)","10","11","02-840-1590","07062"
"정겨우리주간보호센터","C1500","(장애인) 장애인주간보호시설","장애인지역사회재활시설","자치구","강지은","1138000000","은평구","서울특별시 은평구 갈현로11길 30 (구산동)","15","12","02-351-3982","03428"
"정립회관주간보호센터","C1501","(장애인) 장애인주간보호시설","장애인지역사회재활시설","자치구","박춘우","1121500000","광진구","서울특별시 광진구 워커힐로 93 정립회관 내 ","12","12","070-7435-8282","143816"
"강서구수어통역센터","C1503","(장애인) 수화통역센터","장애인지역사회재활시설","자치구","김정숙","1150000000","강서구","서울특별시 강서구 발산로 404층 7~8호,419호~421호(서울농수산식품공사강서지사) (외발산동)","44","6252","02-3665-4474","07644"
"구로구수어통역센터","C1504","(장애인) 수화통역센터","장애인지역사회재활시설","자치구","박상원","1153000000","구로구","서울특별시 구로구 가마산로 2724층 (구로동)","48","48","02-865-1077","08302"
"삼전주간보호시설","C1507","(장애인) 장애인주간보호시설","장애인지역사회재활시설","자치구","현혜영","1171000000","송파구","서울특별시 송파구 백제고분로32길 35삼전종합복지관 3층 삼전주간보호시설","15","15","02-421-6077","05598"
"송파시각장애인축구장","C1520","(장애인) 장애인체육시설","장애인지역사회재활시설","자치구","황진숙","1171000000","송파구","서울특별시 송파구 올림픽로 474","0","0","02-2202-8144","05540"
"송파구장애인운전교육원","C1521","(장애인) 장애인수련시설","장애인지역사회재활시설","자치구","윤기종","1171000000","송파구","서울특별시 송파구 삼학사로2길 49 (가락동)","0","0","02-412-2486","05698"
"기쁜우리복지관부설주간보호시설","C1546","(장애인) 장애인주간보호시설","장애인지역사회재활시설","자치구","임형균","1150000000","강서구","서울특별시 강서구 허준로 65","18","18","02-3665-3831","07524"
"충현복지관","C1549","(장애인) 장애인복지관","장애인지역사회재활시설","자치구","편성연","1168000000","강남구","서울특별시 강남구 논현로98길 16충현복지관","45","807","02-2192-0600","06140"
"해마을주간보호센터","C1556","(장애인) 장애인주간보호시설","장애인지역사회재활시설","자치구","김정화","1168000000","강남구","서울특별시 강남구 개포로 617-8.","13","13","02-3412-7747","06336"
"중랑구수어통역센터","C1561","(장애인) 수화통역센터","장애인지역사회재활시설","자치구","기승문","1126000000","중랑구","서울특별시 중랑구 면목로 299용마새마을금고 6,7층 (면목동)","0","77","02-2208-1084","02239"
"성모자애주간보호시설","C1568","(장애인) 장애인주간보호시설","장애인지역사회재활시설","자치구","김진영","1168000000","강남구","서울특별시 강남구 헌릉로757길 35.","15","15","02-3411-9581","06378"
"성모자애제2주간보호센터","C1569","(장애인) 장애인주간보호시설","장애인지역사회재활시설","자치구","김진영","1168000000","강남구","서울특별시 강남구 헌릉로757길 35.","15","15","02-3411-9581","06378"
"사랑손주간보호센터","C1572","(장애인) 장애인주간보호시설","장애인지역사회재활시설","자치구","이혜옥","1159000000","동작구","서울특별시 동작구 사당로 188-7 (사당동)","10","10","02-525-9010","07009"
"성동주간보호센터","C1588","(장애인) 장애인주간보호시설","장애인지역사회재활시설","자치구","최성자","1120000000","성동구","서울특별시 성동구 청계천로 506성동장애인종합복지관 1층 (마장동)","12","12","02-2290-3100","04704"
"은평구수어통역센터","C1616","(장애인) 수화통역센터","장애인지역사회재활시설","자치구","신동숙","1138000000","은평구","서울특별시 은평구 증산서길 821층","57","5186","02-358-7051","03499"
"까리따스장애인주간보호센터","C1662","(장애인) 장애인주간보호시설","장애인지역사회재활시설","자치구","박종숙","1165000000","서초구","서울특별시 서초구 남부순환로 2124 (방배동)","10","12","025226004","06760"
"동천재활체육시설","C1686","(장애인) 장애인체육시설","장애인지역사회재활시설","자치구","이정훈","1135000000","노원구","서울특별시 노원구 노원로18길 41 (하계동)","100","65","02-949-9114","01747"
"서초구수어통역센터","C1689","(장애인) 수화통역센터","장애인지역사회재활시설","자치구","안영회","1165000000","서초구","서울특별시 서초구 서운로23길 17명달공원 경로당내","41","5647","02-575-5120","06617"
"서울장애인종합복지관","C1693","(장애인) 장애인복지관","장애인지역사회재활시설","자치구","곽재복","1174000000","강동구","서울특별시 강동구 고덕로 201 (고덕동)","0","2000","02-441-5001","05235"
"오뚜기뇌성마비인주간보호센터","C1695","(장애인) 장애인주간보호시설","장애인지역사회재활시설","자치구","송주혜","1135000000","노원구","서울특별시 노원구 덕릉로70가길 96 (상계6,7동771)","0","13","02-932-4412","01772"
"참사랑주간보호센터","C1696","(장애인) 장애인주간보호시설","장애인지역사회재활시설","자치구","최신영","1171000000","송파구","서울특별시 송파구 마천로 893층","10","11","02-401-7757","05655"
"여성시각장애인주간보호센터","C1705","(장애인) 장애인주간보호시설","장애인지역사회재활시설","자치구","천혜선","1114000000","중구","서울특별시 중구 소공로4길 15 (회현동2가)","10","10","02-318-1672","04630"
"사랑의복지관 재가복지봉사센터","C1714","(장애인) 장애인복지관","장애인지역사회재활시설","자치구","남동우","1165000000","서초구","서울특별시 서초구 강남대로65길 19서초동","","","02-3479-7734","06613"
"하하센터","C1721","(장애인) 장애인주간보호시설","장애인지역사회재활시설","자치구","전정옥","1135000000","노원구","서울특별시 노원구 한글비석로24가길 72-201층","10","10","02-521-5471","01666"
"서초구립주간이용센터","C1722","(장애인) 장애인주간보호시설","장애인지역사회재활시설","자치구","위수경","1165000000","서초구","서울특별시 서초구 남부순환로340길 153층 (서초동)","12","10","02-522-0894","06756"
"라파엘 주간보호시설","C1727","(장애인) 장애인주간보호시설","장애인지역사회재활시설","자치구","황주연","1111000000","종로구","서울특별시 종로구 필운대로9나길 15-4 (옥인동)","10","10","02-739-7024","03033"
"서대문장애인주간보호시설","C1729","(장애인) 장애인주간보호시설","장애인지역사회재활시설","자치구","최정인","1141000000","서대문구","서울특별시 서대문구 북아현로4차길 4","10","13","023651262","03751"
"중계종합사회복지관장애인주간보호센터","C1742","(장애인) 장애인주간보호시설","장애인지역사회재활시설","자치구","구종회","1135000000","노원구","서울특별시 노원구 덕릉로 662주공3단지 내","15","15","02-933-0332","01711"
"새생명장애인주간보호소","C1743","(장애인) 장애인주간보호시설","장애인지역사회재활시설","자치구","황일기","1156000000","영등포구","서울특별시 영등포구 도림로 310-1301 (신길동)","15","20","02-848-6970","07382"
"비둘기주간보호시설","C1744","(장애인) 장애인주간보호시설","장애인지역사회재활시설","자치구","김선덕","1111000000","종로구","서울특별시 종로구 동숭4길 28비둘기재활센터 2층 (동숭동)","15","13","02-766-9026","03085"
"중구수어통역센터","C1746","(장애인) 수화통역센터","장애인지역사회재활시설","자치구","이송규","1114000000","중구","서울특별시 중구 퇴계로20길 41-11남산쉼터 2층","1100","2092","02-3789-3268","04629"
"영등포구수어통역센터","C1750","(장애인) 수화통역센터","장애인지역사회재활시설","자치구","양기주","1156000000","영등포구","서울특별시 영등포구 경인로112길 132층 (영등포동1가)","38","5974","02-6404-4291","07308"
"노원구수어통역센터","C1751","(장애인) 수화통역센터","장애인지역사회재활시설","자치구","기원삼","1135000000","노원구","서울특별시 노원구 상계로23길 17윈터행복발전소 2층 (상계동)","60","1073","02-931-6107","01684"
"한마음주간보호시설","C1757","(장애인) 장애인주간보호시설","장애인지역사회재활시설","자치구","송상용","1130500000","강북구","서울특별시 강북구 삼양로 4323층 (수유동)","10","12","02-906-5009","01041"
"햇빛자리","C1761","(장애인) 장애인주간보호시설","장애인지역사회재활시설","자치구","김경수","1117000000","용산구","서울특별시 용산구 백범로47길 24 101호(효창동)","10","13","02-719-3789","04318"
"마포장애인주간보호센터","C1762","(장애인) 장애인주간보호시설","장애인지역사회재활시설","자치구","김은선","1144000000","마포구","서울특별시 마포구 성산로4길 35마포장애인종합복지관 (성산동)","12","10","02-302-1066","03965"
"피어라희망센터","C1771","(장애인) 장애인주간보호시설","장애인지역사회재활시설","자치구","문종태","1132000000","도봉구","서울특별시 도봉구 도봉로120길 16","20","20","02-6953-2501","01453"
"무지개동산주간보호","C1784","(장애인) 장애인주간보호시설","장애인지역사회재활시설","자치구","김성분","1171000000","송파구","서울특별시 송파구 성내천로22길 162층","10","9","02-448-6620","05734"
"송파구수어통역센터","C1786","(장애인) 수화통역센터","장애인지역사회재활시설","자치구","석승모","1171000000","송파구","서울특별시 송파구 문정로 135층 (문정동)","20","3860","02-424-3323","05806"
"성동구수어통역센터","C1790","(장애인) 수화통역센터","장애인지역사회재활시설","자치구","박윤호","1120000000","성동구","서울특별시 성동구 청계천로 516성동장애인생활회관 3층 (마장동)","30","5304","02-2299-3338","04704"
"마라주간보호센터","C1793","(장애인) 장애인주간보호시설","장애인지역사회재활시설","자치구","이영민","1171000000","송파구","서울특별시 송파구 송이로34길 43-13층(마라빌딩)","10","10","02-3401-6008","05802"
"장애인주간보호시설인강원","C1801","(장애인) 장애인주간보호시설","장애인지역사회재활시설","자치구","윤제원","1132000000","도봉구","서울특별시 도봉구 평화로15번길 9-25.","15","12","02-955-0526","01301"
"도봉주간보호센터","C1822","(장애인) 장애인주간보호시설","장애인지역사회재활시설","자치구","박주현","1132000000","도봉구","서울특별시 도봉구 도당로 532층 (방학동)","10","10","02-3494-5663","01356"
"THE채움","C1863","(장애인) 장애인주간보호시설","장애인지역사회재활시설","자치구","이경미","1171000000","송파구","서울특별시 송파구 마천로51길 282층","10","10","02-2043-8460","05758"
"강남구수어통역센터","C1878","(장애인) 수화통역센터","장애인지역사회재활시설","자치구","정성희","1168000000","강남구","서울특별시 강남구 학동로 343(학동) 포바강남타워 지하","4","5462","02-451-6798","06060"
"하상주간보호센터","C1882","(장애인) 장애인주간보호시설","장애인지역사회재활시설","자치구","허명환","1168000000","강남구","서울특별시 강남구 개포로 613 (개포동)","12","12","02-451-6000","06335"
"한벗장애인주간보호시설","C1888","(장애인) 장애인주간보호시설","장애인지역사회재활시설","자치구","신두철","1117000000","용산구","서울특별시 용산구 효창원로69길 42-3한벗회관 2층","10","11","02-713-5050","04319"
"베다니장애인주간보호시설 ","C1917","(장애인) 장애인주간보호시설","장애인지역사회재활시설","자치구","김기태","1147000000","양천구","서울특별시 양천구 남부순환로65길 12-2 (신월동)","10","13","02-2692-5081","07927"
"강서뇌성마비복지관","C2047","(장애인) 장애인복지관","장애인지역사회재활시설","자치구","박세영","1150000000","강서구","서울특별시 강서구 방화대로 45길 69(방화동 452-5)  ","373","500","02-2662-3491","07517"
"주간보호센터햇볕교실","C2058","(장애인) 장애인주간보호시설","장애인지역사회재활시설","자치구","김상진","1150000000","강서구","서울특별시 강서구 개화동로21길 4 (방화동, 방화11단지아파트)","12","13","02-2663-0670","07611"
"양지골장애인주간보호시설","C2072","(장애인) 장애인주간보호시설","장애인지역사회재활시설","자치구","이옥현","1153000000","구로구","서울특별시 구로구 구로중앙로28길 625층(구로동)","12","12","02-859-7732","08299"
"강남세움주간보호센터","C2078","(장애인) 장애인주간보호시설","장애인지역사회재활시설","자치구","박희정","1168000000","강남구","서울특별시 강남구광평로60길 22(수서동)","16","16","02-2184-8769","06369"
"파랑새교육원주간보호","C2083","(장애인) 장애인주간보호시설","장애인지역사회재활시설","자치구","백선영","1150000000","강서구","서울특별시 강서구 까치산로 134화곡빌딩 2층","10","13","02-2692-2614","07662"
"강남장애인복지관","C2092","(장애인) 장애인복지관","장애인지역사회재활시설","자치구","박철상","1168000000","강남구","서울특별시 강남구 개포로 605  ","","314","02-560-8200","06335"
"우리집주간보호","C2101","(장애인) 장애인주간보호시설","장애인지역사회재활시설","자치구","김기철","1150000000","강서구","서울특별시 강서구 양천로47길 70-6","10","12","02-2658-7556","07522"
"금천구수어통역센터","C2105","(장애인) 수화통역센터","장애인지역사회재활시설","자치구","김태순","1154500000","금천구","서울특별시 금천구 시흥대로147길 30-152층","0","30","02-891-8301","08533"
"시각장애인주간보호센터","C2111","(장애인) 장애인주간보호시설","장애인지역사회재활시설","자치구","한방희","1114000000","중구","서울특별시 중구 퇴계로20길 41-11남산쉼터 1층","15","15","027740085","04629"
"동대문구수어통역센터","C2112","(장애인) 수화통역센터","장애인지역사회재활시설","자치구","이양심","1123000000","동대문구","서울특별시 동대문구 청계천로 521다사랑행복센터 (용두동)","0","600","02-962-5798","02589"
"역삼주간보호센터","C2194","(장애인) 장애인주간보호시설","장애인지역사회재활시설","자치구","김미희","1168000000","강남구","서울특별시 강남구 테헤란로8길 36강남문화원 2층","16","16","02-518-2270","135935"
"영락주간보호센터","C2204","(장애인) 장애인주간보호시설","장애인지역사회재활시설","자치구","문소현","1114000000","중구","서울특별시 중구 수표로 33영락교회 교육관 1층","12","13","02-2280-0278","100031"
"성모주간보호센터","C2207","(장애인) 장애인주간보호시설","장애인지역사회재활시설","자치구","김은경","1120000000","성동구","서울특별시 성동구 독서당로44길 25.","15","15","02-2298-1120","04740"
"지앤지주간보호센터","C2223","(장애인) 장애인주간보호시설","장애인지역사회재활시설","자치구","이상길","1132000000","도봉구","서울특별시 도봉구 삼양로 574-442층","15","15","029982855","01368"
"동문장애인복지관","C2225","(장애인) 장애인복지관","장애인지역사회재활시설","자치구","진태진","1123000000","동대문구","서울특별시 동대문구 장안벚꽃로 7길 5　","495","0","02-2244-3100","02513"
"파란마음주간보호센터","C2227","(장애인) 장애인주간보호시설","장애인지역사회재활시설","자치구","김경일","1114000000","중구","서울특별시 중구 다산로22길 111층","15","19","0222358708","04590"
"구립용산장애인복지관","C2236","(장애인) 장애인복지관","장애인지역사회재활시설","자치구","권기용","1117000000","용산구","서울특별시 용산구 효창원로93길 49 (효창동)","0","332","02-707-1970","04311"
"서초구립한우리정보문화센터","C2239","(장애인) 장애인복지관","장애인지역사회재활시설","자치구","위수경","1165000000","서초구","서울특별시 서초구 남부순환로340길 15  ","427","376","02-2055-0909","06756"
"성민복지관","C2280","(장애인) 장애인복지관","장애인지역사회재활시설","자치구","차현미","1135000000","노원구","서울특별시 노원구 노원로32길 30-3　","","340","02-931-7970","01703"
"기쁜우리복지관","C5036","(장애인) 장애인복지관","장애인지역사회재활시설","자치구","임형균","1150000000","강서구","서울특별시 강서구 허준로 65　","","500","02-3665-3831","07524"
"강북장애인종합복지관","C5044","(장애인) 장애인복지관","장애인지역사회재활시설","자치구","조석영","1130500000","강북구","서울특별시 강북구 오현로 189강북장애인종합복지관","","282","02-989-4215","01143"
"삼성소리샘복지관","C5102","(장애인) 장애인복지관","장애인지역사회재활시설","자치구","박희연","1159000000","동작구","서울특별시 동작구 양녕로30길 19-4(상도동)","0","300","02-824-1414","07035"
"서울시립뇌성마비복지관","C5106","(장애인) 장애인복지관","장애인지역사회재활시설","자치구","송주혜","1135000000","노원구","서울특별시 노원구 덕릉로70가길 96(상계6,7동 771)(상계동)","0","639","02-9324-4115","01772"
"서울시립상이군경복지관","C5107","(장애인) 장애인복지관","장애인지역사회재활시설","자치구","홍흥근","1135000000","노원구","서울특별시 노원구 덕릉로70가길 73-0(상계동)","500","462","02-935-6375","01772"
"성동장애인종합복지관","C5162","(장애인) 장애인복지관","장애인지역사회재활시설","자치구","최성자","1120000000","성동구","서울특별시 성동구 청계천로 506-0　","1728","350","02)2290-3100","04704"
"성북시각장애인복지관","C5163","(장애인) 장애인복지관","장애인지역사회재활시설","자치구","강태봉","1129000000","성북구","서울특별시 성북구 동소문로25가길 20성북시각장애인복지관","","320","02-923-4555","02829"
"실로암주간보호센터","C5164","(장애인) 장애인주간보호시설","장애인지역사회재활시설","자치구","노형지","1162000000","관악구","서울특별시 관악구 조원로 127-2301호","10","10","02-875-2235","08705"
"에덴장애인종합복지관","C5165","(장애인) 장애인복지관","장애인지역사회재활시설","자치구","박정휴","1153000000","구로구","서울특별시 구로구 고척로21가길 84-35　","220","211","02-2611-1711","08250"
"정립회관","C5236","(장애인) 장애인복지관","장애인지역사회재활시설","자치구","최종길","1121500000","광진구","서울특별시 광진구 워커힐로 93정립회관","200","1050","02-446-1237","04958"
"한국시각장애인복지관","C5240","(장애인) 장애인복지관","장애인지역사회재활시설","자치구","백남식","1174000000","강동구","서울특별시 강동구 구천면로 645 (상일동)","0","0","02-440-5200","05275"
"성분도복지관","C5457","(장애인) 장애인복지관","장애인지역사회재활시설","자치구","김명옥","1174000000","강동구","경기도 광주시 국사봉로 159-10  ","110","1000","031-799-0300","464883"
"양천해누리복지관 ","C5545","(장애인) 장애인복지관","장애인지역사회재활시설","자치구","김경환","1147000000","양천구","서울특별시 양천구 목동동로 159목동동로 159 ","43","43","02-2061-2500","08013"
"실로암시각장애인복지관","C6052","(장애인) 장애인복지관","장애인지역사회재활시설","자치구","김미경","1162000000","관악구","서울특별시 관악구 남부순환로 1717 (봉천동)","","1800","02-880-0500","08757"
"서부장애인종합복지관","C6314","(장애인) 장애인복지관","장애인지역사회재활시설","자치구","변소현","1138000000","은평구","서울특별시 은평구 갈현로11길 30　","0","600","02-351-3982","03428"
"서대문장애인종합복지관","C6476","(장애인) 장애인복지관","장애인지역사회재활시설","자치구","정유진","1141000000","서대문구","서울특별시 서대문구 북아현로 24","","1666","0231403000","03756"
"장애인주간보호센터청락원","C6667","(장애인) 장애인주간보호시설","장애인지역사회재활시설","자치구","김선희","1154500000","금천구","서울특별시 금천구 금하로29길 36.","15","15","02-806-1374","08656"
"하늘동산","C6684","(장애인) 장애인주간보호시설","장애인지역사회재활시설","자치구","강숙희","1165000000","서초구","서울특별시 서초구 강남대로65길 195층 (서초동)","12","10","02-592-7731","06613"
"하상장애인복지관","C6685","(장애인) 장애인복지관","장애인지역사회재활시설","자치구","허명환","1168000000","강남구","서울특별시 강남구 개포로 613　","","780","024516000","06335"
"희망의학교","C6714","(장애인) 장애인주간보호시설","장애인지역사회재활시설","자치구","한병훈","1121500000","광진구","서울특별시 광진구 천호대로 622시민의교회5층(능동)","18","18","02-458-5599","04987"
"기쁜우리체육센터","C7183","(장애인) 장애인체육시설","장애인지역사회재활시설","자치구","임형균","1150000000","강서구","서울특별시 강서구 허준로 65","","300","02-3663-8114","07524"
"에스알씨(SRC)재활체육관","C7188","(장애인) 장애인체육시설","장애인지역사회재활시설","자치구","국은주","1162000000","관악구","경기도 광주시 초월읍 경수길 25에스알씨재활체육관 ","","1000","0317993891","12728"
"서부재활체육센터","C7190","(장애인) 장애인체육시설","장애인지역사회재활시설","자치구","황요섭","1138000000","은평구","서울특별시 은평구 갈현로11길 30 (구산동)","1300","1300","02-388-6622","03428"
"꿈자람터장애인주간보호센터","C7651","(장애인) 장애인주간보호시설","장애인지역사회재활시설","자치구","이철우","1150000000","강서구","서울특별시 강서구 공항대로43길 104등촌7종합사회복지관 (등촌동, 등촌주공7,8단지아파트)","10","12","02-2658-6594","07576"
"서울시립노원시각장애인복지관","C7664","(장애인) 장애인복지관","장애인지역사회재활시설","자치구","백혜련","1135000000","노원구","서울특별시 노원구 덕릉로70가길 98서울특별시립노원시각장애인복지관","0","14332","02-950-0114","01772"
"늘푸른마을","C7669","(장애인) 장애인주간보호시설","장애인지역사회재활시설","자치구","이동용","1150000000","강서구","서울특별시 강서구 까치산로22길 38","12","13","02-2697-3880","07662"
"서리풀주간이용센터","C7715","(장애인) 장애인주간보호시설","장애인지역사회재활시설","자치구","위수경","1165000000","서초구","서울특별시 서초구 남부순환로340길 15.","10","10","02-2055-0909","137070"
"동작구수어통역센터","C7718","(장애인) 수화통역센터","장애인지역사회재활시설","자치구","조준호","1159000000","동작구","서울특별시 동작구 만양로3길 143층 (노량진동)","30","644","02-815-7750","06926"
"종로구수어통역센터","C7728","(장애인) 수화통역센터","장애인지역사회재활시설","자치구","김용주","1111000000","종로구","서울특별시 종로구 종로17길 83층 (종로2가)","39","598","02-730-5563","03140"
"양천구수어통역센터","C7729","(장애인) 수화통역센터","장애인지역사회재활시설","자치구","유재성","1147000000","양천구","서울특별시 양천구 목동중앙북로 682층 (목동, 목동에버하임)(목동, 목동에버하임)","5","6704","02-2691-9060","07948"
"성락주간보호","C7743","(장애인) 장애인주간보호시설","장애인지역사회재활시설","자치구","이은옥","1156000000","영등포구","서울특별시 영등포구 도림로 3042층","15","16","02-849-8292","07382"
"민들레쉼터장애인주간보호시설","C7798","(장애인) 장애인주간보호시설","장애인지역사회재활시설","자치구","서승우","1153000000","구로구","서울특별시 구로구 가마산로 2315동 101호 (구로동, 보광아파트)","10","7","02-861-1472","08284"
"하나렘넌트장애인주간보호센터","C7844","(장애인) 장애인주간보호시설","장애인지역사회재활시설","자치구","김진연","1144000000","마포구","서울특별시 마포구 월드컵로13길 19-13","12","12","02-323-1004","121820"
"서울시농아노인지원센터","C7885","(장애인) 장애인주간보호시설","장애인지역사회재활시설","자치구","이미연","1117000000","용산구","서울특별시 용산구 한강대로21길 17-72층","15","15","02-2632-3372","04379"
"디딤돌주간보호센터","C7904","(장애인) 장애인주간보호시설","장애인지역사회재활시설","자치구","전은이","1159000000","동작구","서울특별시 동작구 대방동7길 571층 101호 (대방동, 한빛빌라)","13","13","02-825-0331","06954"
"마포구수어통역센터","C7978","(장애인) 수화통역센터","장애인지역사회재활시설","자치구","이두세","1144000000","마포구","서울특별시 마포구 월드컵로 213마포장애인복지회관 3층 (성산동)","19","3926","02-707-1063","03953"
"메타아카데미주간보호센터","C7979","(장애인) 장애인주간보호시설","장애인지역사회재활시설","자치구","박정수","1174000000","강동구","서울특별시 강동구 양재대로121길 25202호","10","10","02-471-4032","05316"
"하나인장애인주간보호센터","C7988","(장애인) 장애인주간보호시설","장애인지역사회재활시설","자치구","나상운","1121500000","광진구","서울특별시 광진구 능동로59길 14 (중곡동)","10","10","070-7727-2858","04903"
"로뎀나무","C8010","(장애인) 장애인주간보호시설","장애인지역사회재활시설","자치구","김일석","1150000000","강서구","서울특별시 강서구 까치산로18나길 36오성빌라 1층","10","11","02-2605-9286","07674"
"아름드리주간보호센터","C8023","(장애인) 장애인주간보호시설","장애인지역사회재활시설","자치구","양우석","1123000000","동대문구","서울특별시 동대문구 한천로58길 1071층 (이문동)","10","10","02-957-0058","02422"
"바우뫼주간보호센터","C8055","(장애인) 장애인주간보호시설","장애인지역사회재활시설","자치구","이경희","1165000000","서초구","서울특별시 서초구 바우뫼로 43 1층 ","10","10","02-577-7851","137900"
"맑은샘장애인주간보호시설 ","C8056","(장애인) 장애인주간보호시설","장애인지역사회재활시설","자치구","김원수","1147000000","양천구","서울특별시 양천구 신월로 192201호 (신월동)","12","12","02-2692-2448","08064"
"렘넌트주간보호센터","C8127","(장애인) 장애인주간보호시설","장애인지역사회재활시설","자치구","이금자","1171000000","송파구","서울특별시 송파구 동남로 303-83층 (오금동)","10","11","02-951-9904","05729"
"우리마포장애인주간이용센터","C8129","(장애인) 장애인주간보호시설","장애인지역사회재활시설","자치구","박소현","1144000000","마포구","서울특별시 마포구 신촌로26길 103층","12","12","02-359-1000","04103"
"광진구수어통역센터","C8196","(장애인) 수화통역센터","장애인지역사회재활시설","자치구","석철민","1121500000","광진구","서울특별시 광진구 아차산로 4173층 (구의동)(구의동)","23","46","02-454-3888","05044"
"강동구수어통역센터","C8199","(장애인) 수화통역센터","장애인지역사회재활시설","자치구","경기현","1174000000","강동구","서울특별시 강동구 성내로 526층 (성내동)","0","6038","02-488-3754","05399"
"갑을장애인주간보호센터","C8222","(장애인) 장애인주간보호시설","장애인지역사회재활시설","자치구","박돈곤","1162000000","관악구","서울특별시 관악구 난우16길 13-72층 (신림동)","15","11","0264148586","08850"
"종로장애인복지관","C8237","(장애인) 장애인복지관","장애인지역사회재활시설","자치구","김은영","1111000000","종로구","서울특별시 종로구 자하문로 89","0","1345","02-6395-7070","03032"
"꿈터장애인주간보호센터","C8256","(장애인) 장애인주간보호시설","장애인지역사회재활시설","자치구","육순일","1162000000","관악구","서울특별시 관악구 쑥고개로13길24 (봉천동)","15","12","02-3285-1968","08785"
"성산푸른초장주간보호시설","C8305","(장애인) 장애인주간보호시설","장애인지역사회재활시설","자치구","홍금화","1150000000","강서구","서울특별시 강서구 양천로30길 143층","15","16","02-2665-7273","07593"
"강서뇌성마비 주간보호","C8368","(장애인) 장애인주간보호시설","장애인지역사회재활시설","자치구","박세영","1150000000","강서구","서울특별시 강서구 방화대로45길 692층","12","12","02-2662-3491","157849"
"우리마포재활치료센터","C8392","(장애인) 장애인재활치료시설","장애인지역사회재활시설","자치구","박소현","1144000000","마포구","서울특별시 마포구 신촌로26길10 (노고산동)","50","","023591000","04103"
"서울특별시중구장애인복지관","C8398","(장애인) 장애인복지관","장애인지역사회재활시설","자치구","정진옥","1114000000","중구","서울특별시 중구 퇴계로 460중구종합복지센터 4층","0","190","02-2235-1328","04579"
"참사랑너나울주간보호센터","C8402","(장애인) 장애인주간보호시설","장애인지역사회재활시설","자치구","정선숙","1130500000","강북구","서울특별시 강북구 한천로143길 391층 (수유동) ","15","12","02-908-0688","01072"
"하상점자도서관","C8423","(장애인) 장애인복지관","장애인지역사회재활시설","자치구","허명환","1168000000","강남구","서울특별시 강남구 개포로 613","30","30","024516000","06335"
"광림주간보호센터","C8430","(장애인) 장애인주간보호시설","장애인지역사회재활시설","자치구","배재숙","1168000000","강남구","서울특별시 강남구 압구정로22길 21웨슬리관 2층","12","10","0220565676","06031"
"남산골주간보호센터","C8447","(장애인) 장애인주간보호시설","장애인지역사회재활시설","자치구","조점희","1114000000","중구","서울특별시 중구 퇴계로20길 41-11남산쉼터 2층 (남산동2가)","15","13","02-3789-3270","04629"
"영광시각장애인모바일점자도서관","C8462","(장애인) 점자도서관","장애인지역사회재활시설","자치구","","1141000000","서대문구","서울특별시 서대문구 세검정로 78-19올해피복지센터 2층 (홍제동)","","30","023934568","03618"
"강북장애인종합복지관주간보호시설","C8480","(장애인) 장애인주간보호시설","장애인지역사회재활시설","자치구","조석영","1130500000","강북구","서울특별시 강북구 오현로 189강북장애인종합복지관(2층)","10","12","02-989-4215","01143"
"그린도봉주간보호센터","C8551","(장애인) 장애인주간보호시설","장애인지역사회재활시설","자치구","박정희","1132000000","도봉구","서울특별시 도봉구 도봉로 575608(쌍문동,삼환프라자) ","12","11","029565300","01432"
"해피죤아동발달지원센터","C8563","(장애인) 장애인재활치료시설","장애인지역사회재활시설","자치구","송금열","1174000000","강동구","서울특별시 강동구 상암로195, 501호 (명일동, 에이플러스빌딩)","0","48","024263869","05295"
"서울곰두리체육센터","C8632","(장애인) 장애인체육시설","장애인지역사회재활시설","자치구","유석영","1171000000","송파구","서울특별시 송파구 동남로 271","3000","3000","02-449-0986","05725"
"서울시각장애인생활이동지원센터","C8664","(장애인) 장애인생활이동지원센터","장애인지역사회재활시설","자치구","윤상원","1159000000","동작구","서울특별시 동작구 상도로 216-0상도동, 인경빌딩3,4,6층","3448","1019","02-2092-0001","06964"
"하늘아래주간보호시설","C8710","(장애인) 장애인주간보호시설","장애인지역사회재활시설","자치구","이인형","1153000000","구로구","서울특별시 구로구 경인로23길8 (오류동, 대서프라자 301-1호 오류동)","10","10","070-4240-1046","08268"
"교남발달지원센터","C8720","(장애인) 장애인재활치료시설","장애인지역사회재활시설","자치구","황규인","1150000000","강서구","서울특별시 강서구 까치산로22길 38, 3층 (화곡동)","","36","0226973880","07662"
"서울영동주간보호센터","C8758","(장애인) 장애인주간보호시설","장애인지역사회재활시설","자치구","이정호","1168000000","강남구","서울특별시 강남구 논현로132길20 (논현동, 서울영동교회 교육관2층)","12","12","02-6925-3830","06052"
"꿈터2장애인주간보호센터","C8769","(장애인) 장애인주간보호시설","장애인지역사회재활시설","자치구","육순일","1162000000","관악구","서울특별시 관악구 쑥고개로13길22 (봉천동)","13","10","02-877-1968","08785"
"예수와주간보호센터","C8774","(장애인) 장애인주간보호시설","장애인지역사회재활시설","자치구","오병석","1168000000","강남구","서울특별시 강남구 압구정로22길21, 1층 (신사동, 웨슬리관 )","12","11","025497766","06031"
"희망하우스","C8814","(장애인) 장애인주간보호시설","장애인지역사회재활시설","자치구","남유선","1121500000","광진구","서울특별시 광진구 능동로34길 102-52층 (능동)","10","10","02-452-5599","04987"
"참사랑 너나울 주간보호센터 2호","C8837","(장애인) 장애인주간보호시설","장애인지역사회재활시설","자치구","정선숙","1130500000","강북구","서울특별시 강북구 한천로143길 39, 2층 (수유동)","15","12","02-904-0688","01072"
"(주)의학신문사부설 아이맘인지발달연구소","C8848","(장애인) 장애인재활치료시설","장애인지역사회재활시설","자치구","심효정","1121500000","광진구","서울특별시 광진구 동일로 357 (중곡동)","","80","02-3408-5874","04900"
"푸르메스포츠센터","C8929","(장애인) 장애인체육시설","장애인지역사회재활시설","자치구","조영수","1144000000","마포구","서울특별시 마포구 월드컵북로 494푸르메스포츠센터 (상암동)","","5203","02-6070-9272","03918"
"휴샘아동가족발달센터","C8935","(장애인) 장애인재활치료시설","장애인지역사회재활시설","자치구","이정숙","1150000000","강서구","서울특별시 강서구 마곡중앙5로 81, 908호 (마곡동)","100","35","0226611366","157650"
"구립동대문장애인종합복지관","C8937","(장애인) 장애인복지관","장애인지역사회재활시설","자치구","정은아","1123000000","동대문구","서울특별시 동대문구 청계천로 5210 (용두동)0 (용두동)","","","029270063","02589"
"sim 발달지원센터","C8945","(장애인) 장애인재활치료시설","장애인지역사회재활시설","자치구","심경애","1121500000","광진구","서울특별시 광진구 천호대로136길 50 (구의동, 서진드림빌)","","50","02-453-1275","04975"
"하사랑주간보호","C9053","(장애인) 장애인주간보호시설","장애인지역사회재활시설","자치구","김광진","1171000000","송파구","서울특별시 송파구 올림픽로35길 1241동 501호 (장미A상가,신천동)","10","10","02-421-2016","05504"
"행복한사랑","C9092","(장애인) 장애인주간보호시설","장애인지역사회재활시설","자치구","권명열","1171000000","송파구","서울특별시 송파구 오금로 548, 1층 (거여동)","10","10","024005090","138600"
"관악구장애인종합복지관","C9126","(장애인) 장애인복지관","장애인지역사회재활시설","자치구","황성혜","1162000000","관악구","서울특별시 관악구 남부순환로 1914 (봉천동)","","260","02-877-0750","08792"
"동그라미 움직임 발달센터","C9152","(장애인) 장애인재활치료시설","장애인지역사회재활시설","자치구","이상용","1121500000","광진구","서울특별시 광진구 자양로 135, 201호 (자양동)","0","17","024550942","143607"
"다니엘치료센터","C9159","(장애인) 장애인재활치료시설","장애인지역사회재활시설","자치구","김훈","1165000000","서초구","서울특별시 서초구 헌릉로468길 21-16다니엘학교 지하1층 ","","60","070-7752-9594","06796"
"도봉장애인종합복지관","C9180","(장애인) 장애인복지관","장애인지역사회재활시설","자치구","이상록","1132000000","도봉구","서울특별시 도봉구 마들로664-23 (도봉동, 도봉장애인종합복지관)","","","0269521777","01331"
"하계장애인주간활동센터","C9214","(장애인) 장애인주간보호시설","장애인지역사회재활시설","자치구","오명진","1135000000","노원구","서울특별시 노원구 노원로16길 15 (하계동, 중계9단지주공영구임대아파트)","16","10","02-6928-7350","01748"
"구립중림장애인주간보호센터","C9252","(장애인) 장애인주간보호시설","장애인지역사회재활시설","자치구","엄하나","1114000000","중구","서울특별시 중구 서소문로6길 16 (중림동)","12","12","02-363-8765","04506"
"행복주간보호센터","C9269","(장애인) 장애인주간보호시설","장애인지역사회재활시설","자치구","최신혜","1171000000","송파구","서울특별시 송파구 마천로 89, 4층 (오금동)","10","10","024308003","05655"
"동안우리주간보호센터","C9279","(장애인) 장애인주간보호시설","장애인지역사회재활시설","자치구","신우석","1174000000","강동구","서울특별시 강동구 풍성로 146, 4층 (성내동)","10","10","0234014163","134600"
"라파아동발달센터","C9309","(장애인) 장애인재활치료시설","장애인지역사회재활시설","자치구","김경아","1174000000","강동구","서울특별시 강동구 길동  302호","0","36","070-4103-5850","134814"
"아이사랑아동청소년발달센터","C9311","(장애인) 장애인재활치료시설","장애인지역사회재활시설","자치구","신상협","1174000000","강동구","서울특별시 강동구 아리수로93길 33, 베스트프라자동 302호 (강일동)","0","10","024815394","05211"
"홀트강동복지관","C9322","(장애인) 장애인복지관","장애인지역사회재활시설","자치구","신미숙","1174000000","강동구","서울특별시 강동구 아리수로93길 41 (강일동)","150","150","0222516100","05211"
"성민드림주간보호센터","C9331","(장애인) 장애인주간보호시설","장애인지역사회재활시설","자치구","최성주","1165000000","서초구","서울특별시 서초구 효령로26길 9-9 (방배동)","12","10","02-3487-4879","06695"
"영광시각장애인주간보호센터","C9359","(장애인) 장애인주간보호시설","장애인지역사회재활시설","자치구","김금실","1141000000","서대문구","서울특별시 서대문구 세무서10길 54 (홍제동)","15","14","023950900","03627"
"홀트주간보호센터","C9392","(장애인) 장애인주간보호시설","장애인지역사회재활시설","자치구","신미숙","1174000000","강동구","서울특별시 강동구 아리수로93길 41 (강일동)","10","10","0222516100","05211"
"왕성밀알주간보호센터","C9445","(장애인) 장애인주간보호시설","장애인지역사회재활시설","자치구","이수정","1162000000","관악구","서울특별시 관악구 신림로58길 8 (신림동)","10","10","070-4878-9142","08778"
"이음주간교육센터","C9462","(장애인) 장애인주간보호시설","장애인지역사회재활시설","자치구","이인숙","1130500000","강북구","서울특별시 강북구 한천로129길11, 1층 (번동)","12","8","029551991","01066"
"킨더윌언어심리전문센터","C9503","(장애인) 장애인재활치료시설","장애인지역사회재활시설","자치구","이유진","1135000000","노원구","서울특별시 노원구 상계로23다길 13-8, 1층 107-1,7,8호 (상계동, 노원아이파크)","150","","029393421","01684"
"꿈친장애인주간보호센터","C9511","(장애인) 장애인주간보호시설","장애인지역사회재활시설","자치구","김형주","1156000000","영등포구","서울특별시 영등포구 은행로 55, 1층 (여의도동)","10","","0261817536","07239"
"강남세움복지관","C9513","(장애인) 장애인복지관","장애인지역사회재활시설","자치구","김귀자","1168000000","강남구","서울특별시 강남구 광평로60길 22 (수서동)","1000","","0221848700","06369"
"선한이웃 재활운동발달센터","C9546","(장애인) 장애인재활치료시설","장애인지역사회재활시설","자치구","정명철","1135000000","노원구","서울특별시 노원구 공릉로58길 112, 3층 1호 (하계동, 순흥아트빌)","80","","029790233","01809"
"은평구립우리장애인복지관","C9652","(장애인) 장애인복지관","장애인지역사회재활시설","자치구","이상하","1138000000","은평구","서울특별시 은평구 녹번로1길 13 (녹번동)(녹번동)","300","","0269510301","03380"
"금천발달장애인주간보호센터","C9657","(장애인) 장애인주간보호시설","장애인지역사회재활시설","자치구","김춘호","1154500000","금천구","서울특별시 금천구 시흥대로73길 30, 4층 (시흥동, 금천어울림복지센터)","15","","0269563422","08610"
"40플러스 금곡행복쉼터 주간보호센터","C9711","(장애인) 장애인주간보호시설","장애인지역사회재활시설","자치구","임광수","1150000000","강서구","서울특별시 강서구 방화대로45길 69, 6층 (방화동)","10","","029324292","07517"
"염리장애인주간보호센터","C9746","(장애인) 장애인주간보호시설","장애인지역사회재활시설","자치구","최상진","1144000000","마포구","서울특별시 마포구 대흥로24길50 (염리동, 2층)","12","","025521017","04123"
"선한이웃재활운동발달센터","F04401","(장애인) 장애인재활치료시설","장애인지역사회재활시설","자치구","정명철","1135000000","노원구","서울특별시 노원구 공릉로58길 112301호 (하계동, 순흥빌라트)","0","80","02-979-0233","01809"
"킨더윌언어심리전문센터","F04402","(장애인) 장애인재활치료시설","장애인지역사회재활시설","자치구","이유진","1135000000","노원구","서울특별시 노원구 상계로23다길 13-8107호 (상계동, 노원 아이파크)","","0","02-939-3421","01684"
"시설테스트1호","F04562","(장애인) 장애인복지관","장애인지역사회재활시설","자치구","홍길동","1100000000","서울특별시","서울특별시 성동구 무학로 50 (하왕십리동, 벽산아파트)","","","010-1234-1234","04703"
"염리종합사회복지관 내 주간보호센터","F04656","(장애인) 장애인주간보호시설","장애인지역사회재활시설","자치구","미정","1144000000","마포구","서울특별시 마포구 숭문길 14마포구 염리동 14-11일대(염리3구역 사회복지시설용지)(염리동)","","","02-3153-8883","04138"
"공덕동행복주택 내 장애인주간보호센터","F04759","(장애인) 장애인주간보호시설","장애인지역사회재활시설","자치구","","1144000000","마포구","서울특별시 마포구 백범로31길 21행복주택 (공덕동)(공덕동)","","","02-3153-8883","04147"