ITEM_NM,SUBITEM_NM,CTPRVN_NM,SIGNGU_NM,CLUB_NM,TROBL_TY_NM,OPER_TIME_CN,CLUB_INTRCN_CN
검도,,경기,동두천시,두드림 장애인 검도,기타장애,매주 수요일 13:00~14:30,
게이트볼,,충북,보은군,2022 보아게이트볼클럽,청각장애,매주 화 오후 1시~3시30분,
게이트볼,,충남,예산군,예산농아인게이트볼클럽,청각장애,매주 화요일 오전 10시,매주 화요일 오전 10시부터 예산공설운동장 게이트볼장에서 진행하는 예산농아인 게이트볼클럽입니다.
게이트볼,,경남,의령군,토요애장애인게이트볼클럽,지체장애,매주 토 오후1시반,토요애 게이트볼 클럽은 장애인들의 사회참여를 유도하며 재활의 의지를 높이기 위한 동아리입니다.  게이트볼 활동으로 활동을 많이 하기 어려운 장애인들의 신진대사를 활성화하며 건강한 신체를 유지하고 삶의 질을 향상시킵니다.  경상남도 의령군에 거주하고 있는 장애인과 장애인을 사랑하는 사람으로 본 동아리가 설립되었으며 장애인들의 친목을 증진시키고 상부상조와 우애를 바탕으로 큰사랑을 나누는 데에 그 목적이 있습니다.  매주 1회 3시간씩 게이트볼장에서 동아리회원들이 친선경기를 가지고 교육도 받고 있습니다. 각종 대회에도 참가하여 수상한 경력도 있으며 장애인들의 활력소로 클럽활동을 진행하고 있습니다.
게이트볼,,경기,군포시,군포시 농아인게이트볼클럽,청각장애,"매주 화,수 10시~12시",농아인분들이 즐겁게 활동 할 수 있는 클럽입니다.
게이트볼,,경남,통영시,한울타리게이트볼,지체장애,매주 평일 13시,"한울타리 게이트볼 동아리는 통영시 북신동 장애인게이트볼장에서 실시되는 동아리로, 각종 대회에 참여하여 수상한 경력이 있으며 지체장애인과 뇌병변 장애인, 비장애인이 함께 어울려 활동하는 동아리 입니다."
게이트볼,,경남,하동군,하동길벗,청각장애,매주 목요일 9,
게이트볼,,경남,고성군,고성농빛게이트볼,청각장애,매주 목요일,
게이트볼,,대구,수성구,수성게이트볼클럽,지체장애,매주화요일 오전10시,수성장애인주간보호센터를 이용하는 지역 장애인들이 정기적으로 게이트볼운동을 즐기는 클럽입니다.
게이트볼,,충남,서천군,(도비) 산재게이트볼클럽,지체장애,"매주월,10시",
게이트볼,,경남,사천시,사)경남지체장애인협회 사천시지회 한울타리,지체장애,"매주 금,토,일 오후 1시",장애인회원과 비장애인회원이 함께 건전한 생활체육 활동을 합니다.
게이트볼,,경남,진주시,일송게이트볼,지체장애,"수,토 오후1~5시",게이트볼 친목도모
게이트볼,,충남,논산시,(도비)논산시장애인장애인게이트볼클럽,지체장애,매주 화 10:00~12:00,안녕하세요! 논산시장애인게이트볼클럽입니다    논산시민운동장 게이트볼구장에서 매주 화요일 10시~12시까지 진행하고 있으니    많은 관심부탁드립니다!!^^
게이트볼,,광주,남구,진월게이드볼동호클럽,기타장애,매주 월화목 오전9시,기타 일반장애인들이 모여서 운동을하면서 여가를즐기며 즈겁게생활하고있습니다
게이트볼,,경남,창원시진해구,손사랑게이트볼동아리,청각장애,"매주 월, 수, 금 오후 14시",경남 창원시 진해구 지역 내 청각.언어 장애인과 수어통역사들의 어울림 게이트볼 동아리입니다
게이트볼,,경기,의왕시,의왕시장애인게이트볼클럽,지체장애,매주 수 09:30,
게이트볼,,전남,진도군,진도군장애인게이트볼클럽,기타장애,매주 화 오전 10시,진도군장애인게이트볼클럽입니다.
게이트볼,,충남,청양군,(도비)데프게이트볼클럽,청각장애,매주 수 오후 2시,
게이트볼,,경기,구리시,오뚜기클럽,지체장애,매주 화요일 15:00-16:00,
게이트볼,,서울,노원구,노원 데프이글스 게이트볼클럽,청각장애,"매주월~금,오전9시~12시","청각장애인의 건강증진,여가활동,친목도모등을 위한 게이트볼클럽임"
게이트볼,,경기,성남시,성남농아인게이트볼클럽,청각장애,"매주 월, 수, 금 오전10시~12시",
게이트볼,,충남,보령시,정심게이트볼클럽,지적장애,"매주 월,목 오후 15시 30분",안녕하세요. 저희는 지적장애인을 대상으로 하는 정심게이트볼클럽입니다.
게이트볼,,충남,금산군,(군비)2022 금산군 게이트볼 어울림 동호회,지체장애,"매주 수,목 오전 10시",
게이트볼,,경기,광명시,광명시장애인게이트볼클럽,지체장애,금 오전 9시,
게이트볼,,경기,하남시,하남시장애인게이트볼클럽,지체장애,"매주 화,목 오전10시",
게이트볼,,경남,양산시,으랏차차게이트볼,지체장애,오후1-5,우리읏라차차게이트볼은 서로 정보교류와 건강정진을위하여 체육동아리하고있어요
게이트볼,,경남,진주시,남가람게이트볼회,지체장애,"수,토 오후1~3시","게이트볼, 친목도모, 건강증진"
게이트볼,,경남,창원시,마산농아인게이트볼클럽,청각장애,"매주 월,화,수,목 오후 2시",스포츠를 통하여 농아인의 체력 단력 및 사회통합 도모
게이트볼,,경기,안성시,안성맞춤농아게이트볼클럽,청각장애,"매주 화,목  오전10시",
게이트볼,,전북,부안군,지체장애인협회부안군지회,지체장애,"매주 월,수 14시",전북지체장애인협회 부안군지회에서 운영하고 있으며 부안거주 지체장애인이면 누구나 가입할 수 있으며 건강증진 차원에서 결성되었습니다. 게이트볼은 누구나 할 수있는 생활체육으로 정신적 육체적 건강을 추구하는 모임입니다.
게이트볼,,충남,공주시,공주시장애인게이트볼동호회,지체장애,매주 월 오전10시,"매주 월 오전10시에 장애인게이트볼동호회 활동을 진행합니다.  장애인, 비장애인 함께 어울리는 어울림동호회입니다."
게이트볼,,전북,김제시,김제 장애인게이트볼클럽,청각장애,매주 묵 오전 10시,
게이트볼,,서울,마포구,마포지회 게이트볼클럽,지체장애,매주 화 오전 10시,생활체육을 통해 건강 및 체력증진을 위하여 활동을 열심히하고 있으며    코로나-19로 힘든 시간을 극복해 나가고자 함.
게이트볼,,전북,정읍시,정읍,지체장애,"월,금 오후2시",
게이트볼,,경남,고성군,고룡이,지체장애,월수금,
게이트볼,,경기,가평군,가평군하나로게이트볼클럽,지체장애,매주 금 오후 2시,
게이트볼,,경남,사천시,사천농아인게이트볼클럽,청각장애,매주 수 오전10시,
게이트볼,,경남,창원시진해구,진해벚꽃장애인게이트볼동호회,지체장애,매일,
게이트볼,,경기,화성시,화성복지클럽,지체장애,"매주 화, 목 오후 1시",
게이트볼,,경남,통영시,스마일게이트볼,청각장애,매주 2회,통영시 청각ㆍ언어장애인 게이트볼 클럽  스마일게이트볼입니다.
게이트볼,,충남,당진시,(기금)해나루게이트볼,청각장애,"매주 목, 오후2시",
게이트볼,,충남,당진시,(기금)실버게이트볼클럽,지체장애,"매주 수, 오후1시",
게이트볼,,경남,거창군,거창어깨동무게이트볼동호회,청각장애,매주 화 오전9시,
게이트볼,,경남,창원시마산합포구,어울림,지체장애,매주 화요일 10시-15시,어울림은 마산지체장애인협회에서 운영하고 있으며 마산거주 지체장애인이면 누구나 가입할 수 있으며 친목도모  차원에서 결성되었습니다. 게이트볼은 누구나 할 수있는 생활체육으로 정신적 육체적 건강을 추구하는 모임입니다
게이트볼,,서울,강북구,강북보람게이트볼클럽,지체장애,매주토요일 오후2시,강북구에 소재한 게이트볼 동호회입니다
게이트볼,,경남,진주시,진농회게이트볼,청각장애,화 오전 10시,
게이트볼,,경남,산청군,경호게이트볼,지체장애,월 2-3회/오전 10시,
게이트볼,,전북,익산시,게이트볼클럽,지체장애,목 14시,
게이트볼,,서울,송파구,송파 장사모 게이트볼 클럽,기타장애,2시간,
게이트볼,,경남,거제시,거제DEAF게이트볼동아리,청각장애,"매주 화,목 오후1시~","안녕하세요.  거제DEAF게이트볼동아리입니다.  남녀노소가 쉽게 즐길 수 있는 게이트볼을 함께 활동할 동호회원들을  아래와 같이 모집하오니, 관심 있는 분들의 많은 참여 바랍니다^^"
게이트볼,,경남,사천시,울타리,지체장애,"일요일,13:00~16:00",장애인의 건전한 생활체육 활동을 하며 생활체육 게이트볼 대회 참가
게이트볼,,광주,광산구,황룡게이드볼동호인클럽,기타장애,매주 월수금 오후1시,지체.청각 일반장애인 들이 모여서 여가활동및 건강을위하여 매일운동합니다
게이트볼,,경남,합천군,합천농아인게이트볼클럽,청각장애,매주 화 오전 10시,청각·언어장애인의 건전한 생활체육활동을 위한 청각·언어장애게이트볼 동우회
게이트볼,,충남,태안군,(도비)태안군 장애인 어울림 게이트볼클럽,지체장애,매주 화요일 14시,^^
게이트볼,,전북,장수군,2022 전북장애인생활체육 게이트볼클럽(장수),기타장애,"매주수,목 15:00~17:00",
게이트볼,,경남,함안군,함안농게이트볼,청각장애,매주 목요일 오후 2시,함안지역에 거주하는 청각·언어장애인을 위한 게이트볼 동아리입니다.   청각·언어장애인뿐만 아니라 청각·언어장애인과 수어에 관심 있는 분들도 가입 가능합니다.
게이트볼,기타,부산,북구,유벤투스농아인게이트볼클럽,청각장애,매주 화 금 오후2시,본 클럽은 심신을 단련하고 건전한 취미활동과 게이트볼을 통한 상호교류를 목적으로 하는 농아인 클럽입니다^^
게이트볼,,경남,남해군,보물섬장애인동아리(게이트볼),지체장애,매주 목 오후 2시,
게이트볼,,경기,안산시,미래,지적장애,매주 4회 오후4시,발달장애인 청소년부터 노년기까지 남녀노소 생활을 체육을 즐기고 전문선수로 활동할 수있는 기회도 가져본다.
게이트볼,,경남,김해시,느티나무게이트볼동아리,지체장애,매주 월~금 오후2시,장애인들의 체육활동을 통하여 사회참여 윧ㅗ와 게이트봉 활동으로 비장애인과의 친목증진
게이트볼,,경남,함양군,오뚜기,지체장애,매주 화요일 오전10시,
게이트볼,,경남,의령군,의령농게이트볼,청각장애,매주 화요일 오후 2시,의령군 농아인(청각장애인) 게이트볼 모임을 위한 동아리 입니다.    의령내 농아인이시면 누구나 가입 가능합니다.
게이트볼,,경남,창녕군,화왕산장애인게이트볼동호회,지체장애,매주 수.금요일 10:00-12:00,
게이트볼,,경남,밀양시,밀농게이트볼클럽,청각장애,"매주 화,목 오전 9시",
골볼,,전북,김제시,김제 골볼클럽,시각장애,매주 화 오후 2시,
골볼,,충남,아산시,(기금)아산스마트장애인골볼클럽,시각장애,매주 금 10:30~11:30,
기타,,대구,수성구,체력쑥!뉴스포츠쑥! 동촌뉴스포츠클럽,지적장애,매주 수 오전 10시10분,
기타,기타,대구,달서구,대구여성장애인복싱통합클럽,지적장애,화 13:30 - 14:30,
기타,기타,경남,하동군,백발백중,청각장애,매주 수요일 9시,
기타,족구,전북,익산시,족구클럽,청각장애,매주화 19시,
기타,기타,부산,수영구,오션웨이브,기타장애,매주 토일 오전10시,
기타,기타,전북,군산시,2022년 전북장애인생활체육 동력패러글라이딩강습회,지체장애,토요일 09:00~12:00,
기타,,전남,목포시,목포낭만예체능클럽(e스포츠),지체장애,매주 화 10시,
기타,,전남,목포시,목포낭만예체능클럽(골프),지체장애,매주 토 14시,
기타,,전남,목포시,목포그라운드골프클럽,지체장애,매주 목요일 3시~,
기타,,전남,목포시,생활건강스포츠클럽,지체장애,매주 월요일 10시 30분~,
기타,요가,경남,거제시,헬렌켈러요가댄스,청각장애,"매주 토, 일 오후1시",통합장애인 어울림 회원으로 구성되어 요가 댄스 등의 활동을 한다.
기타,,서울,노원구,노원 노장산1 등산클럽,기타장애,매주 화요일 오전11시,"지체,뇌병변, 지적등 혼합 장애인들로  건강한 정신과 몸을 단련하고, 즐거운 삶에 의미를 찾고, 회원 상호간의 친목과 상부상조를 하며, 비장애인들과 접할 수 있는 다양한 기회를 제공하고, 장애인들을 바라보는 그들의 인식을 올바르게 하여 사회통합에 기여하며, 사회화에 대한 의욕을 고취시키고 자활의 의지를 강화해 생활체육클럽 활동을 목적으로 함."
기타,기타,서울,강북구,강북한궁,지체장애,매주 토 오후2시,강북한궁동호회는 장애인의 건강과 여가활동 및 친선을 도모하기 위하여 창립되었습니다. 장애인과 비장애인 모두 참여 가능하며 소통과 화합으로 명랑한 사회 건설에 이바지하기 위해 최선을 다하고자 합니다.
기타,기타,대전,동구,대전 디스크골프 동호회,지적장애,"매주 수,금 11:15~12:00",
기타,뉴스포츠,대전,서구,대전뉴스포츠,지적장애,"매주 목,금 13:30~14:30",성인 발달장애인 (지적장애인 및 자폐성장애인) 20명으로 구성되었으며 건강증진을 위한 활동을 통해 삶의 질을 높이고자 합니다
기타,쇼다운,경남,김해시,김해시각회오리쇼다운,시각장애,매주 화 오전11,
기타,기타,전북,군산시,2022년 전북장애인생활체육 드림점핑클럽(군산),지적장애,매주 금요일 10:00`10:50,
기타,등산,경남,진주시,진주시장애인산악회,지체장애,매주 토요일 오전9시,등산 활동을 통해 장애인들의 정신 건강 과 체력 증진을  목적으로 운영 하고 있습니다 ~^^
기타,뉴스포츠,충남,서산시,차동뉴스포츠클럽,지적장애,매주 목요일 10시,
기타,뉴스포츠,충남,서산시,서산여고뉴스포츠클럽,지적장애,매주 금 13시 30분,
기타,뉴스포츠,충남,서산시,부춘스포츠클럽,지적장애,매주 수 9시,
기타,뉴스포츠,충남,서산시,대철배드민턴클럽,지적장애,매주 수 10시,
기타,헬스,전남,신안군,시각장애인체력증진클럽,시각장애,"매주 토, 17:00~18:00","목포시 및 신안군 지역 시각장애인들의 헬스, 축구등 운동을 지원하는 클럽입니다."
기타,,전남,광양시,광양시통합형다종목동호회,기타장애,월~토 10:00~18:00,"광양시에서 활동하는 배드민턴, 당구, 테니스, 역도, 바둑, 론볼 종목의 통합형다종목동호회입니다."
기타,T-ball,경남,양산시,양산푸른첼린저 티볼팀,지적장애,"매주 화, 10:00~12:00",
기타,필라테스,전남,목포시,목포장애인필라테스동호회,지체장애,"매주 월, 11시",
기타,기타,경남,밀양시,밀양시 시각장애인 한궁 동아리,시각장애,"매주 월,화 오후 2시",안녕하세요.  밀양시 시각장애인 한궁 동아리 입니다.
기타,쇼다운,경남,남해군,소리로치는사람들,시각장애,매주화금 오전10시,
기타,낚시,서울,강북구,강북구장애인낚시동호회,지체장애,매주 토 오후1시,강북구 장애인 낚시 동호회
기타,빙상,경남,창원시,아드미 스케이트 동호회클럽,지적장애,"매주 화,목 오후4~6시","경남지역 장애인들에게 스케이트를 통한 신체발달과 자신감을 향상시키고, 지역사회 유관기관과 협조하여 장애인에 대한 인식을 개선함과 동시에 경남지역 발달장애인과 비장애인들에게 빙상종목 활성화에 이바지하기 위함."
기타,,서울,서초구,버디버디(학생부) 필드골프클럽,지적장애,주1회 택 오후 4시,
기타,,서울,서초구,버디버디(일반클럽) 필드골프클럽,지적장애,주1회 택 오후 7시,
기타,포켓볼,전남,여수시,여수장애인포켓볼동호회,지체장애,매주 토 오후 2시,
기타,쇼다운,충남,공주시,(도비)누림쇼다운동회회,시각장애,매주 목 13:30,
기타,골프,경기,구리시,구리필드골프클럽,지체장애,매주 수요일 18:30-19:30,
기타,기타,대전,중구,쇼다운교실,시각장애,"매주 월,목 오전10시~12시",시각장애인을 위한 운동인 쇼다운입니다.
기타,기타,충남,천안시,(시비)생활체육동호회,지체장애,월~금 9:30~15:00,#NAME?
기타,,충남,천안시,(시비)시각장애인스포츠클럽(쇼다운),시각장애,매주 화 13:00~14:30,
기타,,충북,청주시,2022 데프헬스동호인클럽,청각장애,매주 수 오후 7시~9시,데프헬스 활성화를 통한 회원 상호간의 유대강화 및 친목도모
기타,,충북,제천시,2022년 제천시 JCRC 그라운드골프 클럽,지체장애,매주화  화요일 오후 2시,안녕하세요. 제천시 장애인 그라운드골프 클럽입니다. 많은 관심과 참여 부탁드립니다.
기타,등산,부산,북구,산울림장애인등산클럽,지체장애,매주 토 오전 10시,15개 유형의 장애인들과 남녀 노소 구분없이 매주 토요일 10시경 모여서 재활운동   장애인식 개선을 위해 학생들이나 비장애인들이 봉사 활동을 통하여 서로간의 소통의 장소를 마련해주는 계기가 됨.  장애가 있지만 조금 느리지만 할수있다는 자신감을 부여 성취욕 개선에도 많은 도움이 됨.  10년 넘게 꾸준히 하니 가족처럼 서로를 이해하고 배려하게 됨.
기타,낚시,경남,통영시,통영이순신낚시클럽,기타장애,매주 목 오후 4시,"선원출신 장애인과 비장애인(자원봉사자 및 활동지원사, 보호자 및 가족) 자율적이고 협동적인 자치활동을 통하여 스포츠 정신에 입각한 건설적인 발전을 추구함은 물론 상호간의 상부상조와 친목을 도모하며 장애인의 재활을 목적으로 한다."
기타,기타,대구,달서구,성인장애인 달구벌한궁클럽,지적장애,매주 목요일 오후 2시~3시,누구나 참여할수있는 슐런클럽입니다.   많은 관심부탁드립니다.
기타,기타,경기,안산시,새누리 한궁클럽,지적장애,"매주 목, 오후2시",안산시장애인한궁연맹소속 발달장애인클럽으로서 약 30여명의 발달장애인 회원이 활동 중에 있습니다.
기타,기타,강원,정선군,강원도 정선군 청각장애인 한궁클럽,청각장애,매주 화 오후2시,안녕하세요 강원도 정선군 청각장애인 한궁클럽입니다.
기타,기타,강원,원주시,원주시장애인클라이밍클럽,지적장애,매주 월요일 오후 4시~6시,발달장애인들을 대상으로 생소한 종목인 클라이밍을 통해 생활체육 경험의 기회를 제공하고 신체적 향상을 도모하고자 함.
기타,기타,강원,양양군,한궁동호회,지체장애,매주 목요일 오후2시,
기타,등산,부산,북구,부산어울림장애인트래킹클럽,뇌병변장애,격주토요일,한달에 두번씩 토요일날 에 모여 부산경남 지역을 트래킹하는 단체 임니다
기타,뉴스포츠,경남,양산시,양산정다운한궁동호회,시각장애,"매주 화,금 오후1시",
기타,등산,경기,광주시,광주시 너른고을 한마음회 트레킹단 생활체육클럽,지적장애,"매주 월,화 2시간씩",사)한국장애인부모회 광주시지부는 장애인부모들이 자녀양육 및 재활정보를 교환하며 자녀들이 사회인으로 정당하게 살아갈 수 있는 복지사회를 건설하고 아울러 국가와 지방단체의 힘이 미치지 못하는 부분을 부모들의 힘으로 해결하여 장애인이 불편 없이 생활할 수 있는 환경을 조성하며 장애인에 대한 사회적 편견을 개선하고자 합니다.
기타,쇼다운,대구,달서구,2022 시각장애인 쇼다운클럽,시각장애,매주 금 오후 4시,시각장애인 쇼다운클럽
기타,,서울,은평구,은평 피터팬인라인클럽,지적장애,매주 토 오전 10시~12시,"피터팬인라인클럽은 발달장애인(아동청소년,성인)과 비장애인 형제 및 가족이 인라인스포츠를 기반으로 건강하고 즐겁게 성장하도록 열심히 운동하고 활동하는 단체입니다. 2018년 클럽을 창단하여 쉬지 않고 꾸준히 운동을 매주 하고 있으며, 코로나 시기에 온라인, 오프라인, 소수 순환운동, 개별 및 팀운동을 하며 다양한 방식으로 클럽을 운영하였으며, 자체대회 및 스페셜대회에도 출전하여 발달장애인의 의미있는 스포츠활성화에 기여하고자 노력하고 있습니다."
기타,기타,대구,달서구,2022 시각장애인 소셜댄스클럽,시각장애,매주 금 오후 4시,시각장애인 소셜댄스클럽
기타,,서울,종로구,종로구 시각장애인한궁동우회(서울시각스포츠연맹),시각장애,"매쥬 목,10시",시각장애인들의 모임으로 건강한 정신과 건강한 체력을 만들기 위해 클럽입니다.
기타,,서울,송파구,송파구 선인산악회,시각장애,매주 목 오전 9시,
기타,기타,경남,창원시마산합포구,무학트래킹,시각장애,매주토 오전10시,
기타,뉴스포츠,충남,예산군,(기금)2022년 예산뉴스포츠클럽,지적장애,매주 수 10:30~11:30,
기타,,서울,강서구,강서구 한궁연맹 동호인클럽,지체장애,매주금요일 오후 2시,
기타,특수체육,대전,유성구,우리동네 특수체육,지적장애,"월, 수 오전 10:30","다양하고 재미있는 특수체육활동을 통해 순발력과 유연성을 기르고, 코로나19로 인한 스트레스 및 긴장완화, 우울감 해소, 정서적 안정 및 건강한 자아상 형성에 큰 도움이 됩니다."
기타,빙상,경기,수원시,수원탑빙상클럽,지적장애,매주 토. 일 오전 7시,수원. 화성 지역 발달. 지적.청각장애 청소년 및 성인의 체력증진 및 사회성 발달을 위한 빙상 생활 클럽
기타,뉴스포츠,대구,남구,2022년 더불어뉴스포츠동호인클럽,지적장애,매주 월요일 오전 10시,참가자의 신체능력에 따라 그룹을 나누어 규칙적인 체육활동을 통해 기초체력을 향상시키고 생활습관병을 예방하여 삶의 질을 높이고 성취감을 통해 자신감을 향상시킨다.
기타,뉴스포츠,충남,예산군,2022년 예산 지적장애 뉴스포츠클럽,지적장애,매주 목요일 10시30분,안녕하세요 2022년 예산 지적장애 뉴스포츠 클럽 입니다.  예산군 지적장애인 분들에 많은참여와 관심 바랍니다.
기타,뉴스포츠,대구,동구,튼튼더불어 뉴스포츠 동호인클럽,지적장애,매주 화요일 오전 10시 ~ 11시,"뉴스포츠 활동을 통해 건전하고 알찬 여가시간을 보내고, 전문 체육지도자의 연계를 통해 체계적인 체육활동을 펼치고자 합니다~!"
기타,,서울,강서구,강서샬롬장애인야구동호회,지체장애,매주 월 오후 2시,장애인과 비장애인이 어울려 함께 운동을 하며 활동하는 동호회 입니다.
기타,낚시,경남,사천시,장애인 낚시 동아리 휠링피싱,지체장애,연중 2회,"정서적, 심리적 안정과 장애인의 도전의식 고취, 성취감 및 자립의지 향상을 위한 장애인 낚시 동아리 모임 휠링피싱."
기타,,경남,합천군,합천시각한궁동아리,시각장애,"매주 화, 오후 13시",
기타,,경남,합천군,합천시각쇼다운동아리,시각장애,"매주 목, 오후 13시",
기타,기타,경남,합천군,합천시각텐덤동아리,시각장애,매주 수 오후1시 ~ 3시,
기타,기타,서울,금천구,금천한궁클럽,지체장애,매주토요일 오후2시,지체장애인들의 기초체력 함양과 친목도모
기타,기타,부산,해운대구,아쿠아웨이브클럽,지적장애,매주 목 오후 3시,성인 지적장애인들의 수중활동으로 사회적 신체적으로 여가선용의 기회를 제공하고 장애인에 대한 비장애인의 이해증진을 통해 더불어 사는 사회분위기를 조성한다.
기타,등산,경남,통영시,통영이순신등산클럽,기타장애,매주 수 오후 1시,"선원출신 장애인과 비장애인(자원봉사자 및 활동지원사, 보호자 및 가족) 자율적이고 협동적인 자치활동을 통하여 스포츠 정신에 입각한 건설적인 발전을 추구함은 물론 상호간의 상부상조와 친목을 도모하며 장애인의 재활을 목적으로 한다."
기타,기타,경남,통영시,통영이순신한궁클럽,기타장애,매주 수 오후 3시,"선원출신 장애인과 비장애인(자원봉사자 및 활동지원사, 보호자 및 가족) 자율적이고 협동적인 자치활동을 통하여 스포츠 정신에 입각한 건설적인 발전을 추구함은 물론 상호간의 상부상조와 친목을 도모하며 장애인의 재활을 목적으로 한다."
기타,쇼다운,부산,사상구,부산 쇼다운 클럽,시각장애,월 13시,"동호인간의 친목과 시각장애인 체육 활성화 교류, 심신 단련, 여가 활동을 위한 부산 쇼다운 클럽입니다.^^"
기타,,서울,용산구,용산구 올리브생활체육클럽,지적장애,매주 토 13시,발달장애인들이 함께 어울리며 소통하며 신체활동을 즐기는 클럽 입니다.
기타,기타,대구,달서구,휠라이딩레저클럽,지체장애,매주 토요일 10시~17시,대구내 휠체어라이딩을 하며 친목을 도모합니다
기타,스킨스쿠버,부산,부산진구,블루웨이브,기타장애,"지정일 토,일 오전 9시","비영리체육단체 Blue Wave(블루웨이브)입니다. 블루웨이브에서는 장애인, 비장애인이 모두 어울려 스포츠를 즐기는 체육단체입니다."
기타,뉴스포츠,경기,광주시,스페셜 뉴스포츠,지적장애,수 오후4시30분,"지적, 발달장애 학생들이 뉴스포츠를 통해 다양한 종목들을 경험하고 체험하면서 개인의 성취감과 만족감을 느끼고, 취미활동과 여가 생활을 즐길 수 있는 클럽입니다."
기타,,서울,노원구,노원부모연대튼튼클럽,지적장애,토 오전 10:00~12:00,발달장애인의 생활체육 클럽(음악줄넘기)
기타,등산,경남,진주시,진주시각장애인등산교실,시각장애,매주 화요일 오후1시,"2010년 4월 결성, 2010년 5월 활동시작으로 매월 1회 45인승 관광버스로 진주시 인근 둘레길 및 휴양림으로 등산을 하고 있으며, 회원분들의 참여도가 매우 높은 동아리 입니다."
기타,쇼다운,경남,진주시,진주시각장애인쇼다운교실,시각장애,매주 금요일 오후1시,"2018년 9월결성 2019년부터~2021년까지 경남시각장애인체육대회 선수로 참가하여 좋은 성적을 거두고 있으며, 탁구보다 회원분들의 만족도가 높다"
기타,,서울,강서구,CBK 지적 티볼클럽,지적장애,매주 월 19시~20시 20분,"특수체육CBK에서 운영하고 있는 클럽 FC.동문은 운동유능감을 지닌 발달장애 아동 및 청소년, 초기성인을 대상으로 생활체육과 연계된 종목 스포츠 활동을 지원하기 위한 목적으로 설립하였습니다.     지난 2017년부터 현재까지 서울특별시 장애인체육회 등의 지원 사업을 통해 지역과 연계된 대그룹 관계형성 종목 특성화 풋살 프로그램을 진행한 바 있으며 2022년도에는 티볼종목으로 운영하고있습니다    발달장애 당사자의 장애수준 및 운동발달 특성에 맞게 변형되어 고안된 대그룹 관계형성 종목 특성화 풋살 프로그램은 기본적인 체력 향상과 기본운동기술 발달 등 대근운동발달 향상은 물론 구성원간의 사회적 상호작용 및 팀워크 등의 정서-사회적 발달을 비롯한 적응행동 발달에도 기여하였습니다. 심동적, 정서-사회적, 인지적 요소 등이 가미된 대그룹 관계형성 종목 특성화 풋살 프로그램은 학령기 장애아동 및 청소년의 총체적 발달에 토대가 됨은 물론, 경쟁 스포츠 축구로의 연계가 가능하다는 측면에서 그 가치와 필요성이 입증되었다고 할 수 있습니다. 또한, 인지적 발달을 포함한 총체적 지원을 견인하는 촉매제가 되었습니다."
기타,등산,부산,북구,부산북구장애인필드클럽,지체장애,화요일 오후 2시,? 장애인의 기초체력증진 및 야외 활동을 통한 신체 기능 향상    ? 참가자 간의 상호작용을 통해 자존감 향상 및 사회참여의식 향상    ? 활동을 통해 심신의 안정 도모
기타,등산,부산,북구,부산북구장애인휠체어클럽,지체장애,금요일 오전 10시,? 장애인의 기초체력증진 및 야외 활동을 통한 신체 기능 향상    ? 참가자 간의 상호작용을 통해 자존감 향상 및 사회참여의식 향상    ? 활동을 통해 심신의 안정 도모
기타,헬스,충남,예산군,으라차차 체력증진클럽,시각장애,매주 월요일 10시,안녕하세요 으라차차 체력증진클럽입니다  매주 월요일 10시부터 예산군장애인종합복지관 체력단련실에서 시각장애인 대상으로 운동하고 있사오니 많은 관심과 참여 부탁드립니다.
기타,빙상,경기,고양시,고양펭귄스케이트클럽,지적장애,"매주 월 ,수 오후 21:00-22:00","고양펭귄스케이트 클럽은 장애인 누구나 참여할수 있는 스케이트클럽입니다 . 지적장애,발달장애, 뇌성마비 장애들이 어울림누리에서 매주 2회 저녁9시~10시 훈련하고 있습니다 .스케이트를 배우고자 하는 장애인이면 누구나 남,여 참여할수 있는 생활체육클럽으로서 꿈나무육성 선수를 발굴하여 각종 대회와 동계체전및 스페셜올림픽대회를 통해 국제대회에도 참여할 수있는 기회를 제공하고 있습니다. 많은 참여 바랍니다"
기타,등산,부산,부산진구,부산한마음장애인등산클럽,뇌병변장애,둘쩨. 네쩨.일요일,한달에 두번씩 모여 가까운산행을 하는 모임 입니다
농구,,대전,서구,바스켓,지적장애,"매주 월,금 14시30분,15시30분",바스켓은 중증장애인거주시설 한줄기에서 생활하고있는 중증장애인 8명이 모인 농구 동호회로 대전장애인체육회의 생활체육교실을 통해 농구 교육을 진행 후 동호회 활동을 통해 운동을 이어가고자 합니다.
농구,,부산,동래구,부산크로스통합농구단,지적장애,매주 화요일 오후4시,비장애인과 함께하는 통합 농구단  발달장애인13명과 비장인4명으로 구성된 팀
농구,,대전,대덕구,대전 농구 동호회,지적장애,14:20~15:20,
농구,,경기,광주시,GOGO농구클럽,지적장애,매주 토요일 16:00~18:00,지적 발달장애 학생들의 사회성과 체력단련을 경험하고 체험하면서 성취감과 만족감을 느끼고 생활을 즐길 수 있는 클럽입니다.
농구,,서울,광진구,서울챌린져스 여성휠체어농구클럽,지체장애,매주 토 오전 9시~12시,? 장애인과 비장애인이 함께 어울려 휠체어농구라는  스포츠를 통해 건전한 여가활동 및 사회활동으로  자신의 한계를 극복하고 도전해 나가는 팀입니다.  ? 여성 장애인들이 휠체어농구의 전문적인 훈련을  통한 강인한 정신력과 자기계발의 기회를 갖기  위해 친밀한 팀워크로 각종 대회에 적극적으로  참여하고 있습니다.   ? 장애인에게 있어 운동은 곧 ‘재활이자 삶의 활력소’  입니다.   ? 앞으로도 여성휠체어농구의 발전을 위해 최선을  다하겠습니다.
농구,,광주,서구,빛고을농구(여름날),지적장애,"매주 화,금 오후 6시~9시","장애인,비장애인 구분없는 어울림 농구 클럽"
농구,,경기,남양주시,남양주시 장애인농구클럽,지적장애,매주 금 오후 6시~8시,"성인발달장애인들의 체력단련과 협동심을 바탕으로 건전한 여가문화를 조성하며 대인관계 향상 및 스포츠를 통한 장애인의 체육*문화 발전과 사회성 증진을 도모, 지역사회 통합을 목적으로 한다."
농구,,충남,청양군,(도비)청양농구클럽,지적장애,매주 목 오후 1시30분,
농구,,대전,유성구,아담의슬램덩크,지적장애,매주 수 오후 2시,농구 동호회입니다.
농구,,강원,원주시,원주시드림농구클럽,지적장애,"매주 화, 목 오후 6시~8시","발달장애인들을 대상으로 농구를 통해 신체적 행상과 장애인들의 사회성 향상, 자존감 고취들을 위해 운영되고 있음."
농구,,서울,관악구,토네이도윙 청각농구클럽,청각장애,매주 토 or 일 오후 1시~3시,&apos; 서울 토네이도 윙 농인 농구팀 &apos; 입니다~~*  : )
농구,,경기,성남시,성남 에어어택,지적장애,월 목,전통의 강자 통합체육을 선도합니다
농구,,경기,구리시,구리시수리농구클럽,지적장애,매주 토 오후 3시,지적장애와 자폐장애의 청소년들로 구성된 농구클럽입니다.
농구,휠체어농구,충남,아산시,(도비)아산휠스파워 휠체어농구클럽,지체장애,"매주 화,수18:00~20:00/토10:00~12:00",
농구,,강원,춘천시,스마일휠체어농구단,지체장애,"매주 토,일 오후 2시 30분 ~(3사 30분~)",강원도 휠체어농구의 발전과 보급에 힘쓰며 대회참가를 통해 실력을 향상시켜 우수한 선수를 육성하고 꾸준한 훈련을 통해 체력 향상과 자존감을 향상시키는 것을 목표로 활동하고 있습니다.
다트,,서울,강서구,강서다트동호회,지체장애,매주 토요일 2시,집에만 있던 중증 장애인의 참여로 사회성복귀와 주기적 스포츠 활동을 통한 건전한 여가 생활 정착과  장애인들의 건전한 여가 활동을  만들어줌으로서  강서구에 거주하는 장애인들의 체육활동을 증진 시키는데   중점을 두고 있음.
다트,,서울,송파구,송파구 큐피트 다트 클럽,지체장애,매주 금욜 오후1~3시까지,장애우들의 행복  추구권과 역량 강화를 위한  모임 입니다
다트,,강원,영월군,영월한궁동호회,지적장애,매주 수 오후 13:30~15:30,
다트,,서울,영등포구,영등포구 장애인 다트클럽,지체장애,월 수 오후 4시 이후,
다트,,대전,대덕구,대전 한궁 동호회,지적장애,"매주 화,수 14:00~15:00",
당구,,충남,서천군,(도비) 당구 어울림 클럽,비장애인,"매주 화,오후2시",
당구,레크리에이션,전북,완주군,완주군장애인당구동호회,지체장애,"매주 화,금 오후6시",
당구,,전북,부안군,노을 당구 동호회,지체장애,"매주 수,금 14:00-16:00",
당구,,서울,성동구,성동구 SD당구 동호인클럽,기타장애,"매주 목,금 17:30",서울시 성동구 관내 장애인 당사자 환영합니다.
당구,,경남,양산시,울타리당구동호회,지체장애,매주 토요일 오후2시,장애인과 비장애인이 당구라는 스포츠를 통하여 함께 살아 갈 수 있음을 실천하고  꾸준한 활동을 통한 개인역량 강화에도 이바지 함을 목적으로 한다.
당구,,경남,산청군,경호 당구,지체장애,월2-3회/오전 10시,
당구,,경기,성남시,성남농아인당구클럽,청각장애,매주 토요일 오후 5시,
당구,,경기,부천시,부천시장애인당구협회,기타장애,"매주 화, 목요일 오후2시_4시",재활과 협동을 배웁니다.  어울림당구클럽입니다.
당구,,경기,양주시,승승당구,지체장애,"매주 월,수 오후2시",중증장애인들이 사회일원으로 의미를 갖고 자신감을 찾고자 만들어진 클럽입니다.  현재는 장애인과 비장애인이 어울려 즐겁게 활동하고 있는 최고의 클럽입니다.
당구,,서울,영등포구,영등포구 투터치 당구클럽,지체장애,"매주 수,목 오후1시",
당구,,전북,익산시,주얼리당구클럽,지체장애,매주수 15시,
당구,,경기,파주시,파주시장애인당구협회,지체장애,"매주 목, 오후2시~3시",
당구,,전북,익산시,한마음당구클럽,지체장애,매주일 14시,
당구,,대전,중구,동그라미 클럽,기타장애,"매주 수,토 오전 10시",동그라미 클럽은 생활 체육인 당구를 매개체로 장애인과 사회복지사 그리고 일반인들이 함께하는 네트워크를  형성하여 건강한 사회 생활을 목표로 보람과 희망을 찾아가는 동호회 입니다.   지속적인 운영으로 지역사회 발전에 참여하는 동그라미입니다
당구,,경남,양산시,양산데프빌리어드클럽,청각장애,매주 일 오후14시00분,스포츠를 통하여 농아인의 체력 단련 및 사회 통합 도모
당구,,경남,진주시,꿈꾸는 당구클럽,지체장애,"매주 월,화,수,목,금  오후2시~5시","장애인과 비장애인과의 어울림, 체력강화, 친목도모"
당구,,충남,홍성군,(도비)2022년 홍성군 당구동호회,지체장애,"매주 화, 목 18:00~19:00",
당구,,서울,강서구,강서구장애인당구동호인클럽,지체장애,매주 월 2시,"강서구 장애인당구협회는 지역사회에서 장애인 인권신장에 앞장서고 장애인,비장애인이 어울려 편견없이 스포츠를 즐기는 클럽이며, 매년 당구대회을 유치 하기도 합니다."
당구,,충남,아산시,(도비)스마트당구클럽,지체장애,매주 금 14:00~17:00,
당구,,전남,담양군,담양군나이스당구클럽,지체장애,매주 목요일 오후 2시,안녕하세요~!!  담양군 장애인 &amp; 비장애인 함께 하는 동호회 당구클럽 입니다.  많은 관심과 참여 부탁드립니다.
당구,,충남,청양군,(도비)청양당구클럽,지체장애,매수 수 오후 3시,
당구,,전남,여수시,여수장애인한마음당구클럽,지체장애,매주 일 오후2시~오후4시,여수시 거주하는 장애인 으로 당구에 관심있는 분이라면 누구나  참여할 수 있습니다  당구를 통해 재활과 체력증진을 도모하고 장애인 과 비장애인의 소통의 기회 마련하는 모임입니다
당구,,충북,옥천군,2022 스마일당구클럽,지체장애,매주 목 오후 2시~4시,옥천군 스마일당구클럽입니다~^^
당구,,충남,천안시,(기금)구슬모아당구클럽,지체장애,매주 화/목 17:00~19:00,
당구,,충남,금산군,금산군장애인당구동호회,지체장애,매주 토 오후 15:00~17:00,
당구,,전남,목포시,구슬치기당구클럽,지체장애,"매주 월,수 오후1시",목포시 장애인 당구클럽입니다.당구에 관심있으신 장애인이면 언제든 환영합니다.
당구,,전북,김제시,마블당구클럽,지체장애,매주 금 오후 2시,
당구,,대전,서구,당구사랑,지체장애,매주 월~금,장애인과 비장애인이 함께 어울려 당구로 하나되는 동호회입니다.
당구,,충남,서산시,매니아당구클럽,지체장애,매주 일 18시,
당구,,전북,군산시,2022년 전북장애인생활체육 군산새만금당구클럽,지체장애,매주 목요일 14:00~16:00,
당구,,전북,익산시,서동당구클럽,지체장애,매주 일 12시,
당구,,충남,서산시,우당탕탕 당구클럽,지체장애,매주 토 1800,
당구,,경기,김포시,김포시장애인당구클럽,지체장애,매주 화요일  14시,김포시  장애인당구 클럽입니다
당구,포켓볼,전남,광양시,선샤인포겟볼클럽,기타장애,매주 토요일 13:00~15:00,광양시에서 활동하고 있는 포겟볼클럽입니다.
당구,,강원,횡성군,횡성군지체장애인협회,지체장애,매일,
당구,,경남,함양군,상림,지체장애,매주월요일 오후2시,
당구,,강원,횡성군,횡성군 장애인 당구 동호회,지체장애,매주 수 오후 7시,
당구,,서울,노원구,노원드림큐 당구클럽,기타장애,"매주 화,목 오전 10시 ~ 12시",장애인들로 구성된 어울림 생활체육 동호회입니다.
댄스스포츠,생활체조,충남,논산시,(시비)논산시체조동호회,시각장애,"화,금 13:30~14:30",안녕하세요  논산시체조동호회입니다~^^
댄스스포츠,,전남,여수시,여수휠체어댄스스포츠클럽,지체장애,매주 토 9:30~10:30,
댄스스포츠,,경기,성남시,성남시6530댄스클럽,지체장애,매주 금 19:00~21:00,어울림 댄스스포츠클럽
럭비,,부산,사상구,올레,지체장애,"매주 수(14~18), 금(18~21)","휠체어럭비는 장애인, 비장애인 모두가 어울려 함께 즐길 수 있는 스포츠입니다. 관심있는분들은 연락주세요~!!"
럭비,,충북,청주시,2022 충북휠체어럭비클럽,지체장애,수 오후 2시부터 5시,모든 장애인 및 비장애인이 함께 활동하는 어울림클럽
럭비,,대전,유성구,2022 대전휠체어럭비클럽,지체장애,"매주 화,목 1시",대전시 휠체어럭비 동호회입니다.
럭비,휠체어럭비,부산,동래구,터치다운,지체장애,"매주 수(14~18), 금(18~21)","휠체어럭비는 장애인, 비장애인 모두가 어울려 함께 즐길 수 있는 스포츠입니다. 많은 관심 부탁드립니다."
론볼,,전북,군산시,2022년 전북장애인생활체육 군산장애인론볼클럽,지체장애,매주 수요일 14:00~16:00,
론볼,,부산,동래구,리더스론볼클럽,지체장애,매주 수요일 14:00~17:00,장애인과 비장애인 의 어울림 동호회로 누구나 관심있고 운동 좋아하시는 분들을 항시 환영합니다.  많은 참석 바랍니다~~~
론볼,,부산,동구,등대론볼클럽,지체장애,"매주 수, 금 오후2시","장애인의 건강한 생활체육문화정착과 장애인생활체육의 활성을 통한 전문체육인을 육성하며, 장애인의 사회성향상을 위한 사회적응능력을 개발하고, 지역사회의 장애인인식개선으로 장애인의 완전환한 사회참여와 사회통합을 목적으로   주 2회(매주 수, 금) 클럽활동을 실시 함."
론볼,,울산,남구,울산돌고래론볼클럽,지체장애,매주 목요일 오후 2시,"론볼에 관심이 있는 장애인이나 비장애인, 누구나 가입을 환영합니다."
론볼,,광주,북구,무등론볼동호회클럽,지체장애,"매주 월,수,금 오후2시",
론볼,,충남,공주시,고마나루론볼클럽,지체장애,매주 목 오전 10시,"매주 월 오전10시에 론볼 동호회 활동을 진행합니다.  장애인, 비장애인 함께 어울리는 어울림동호회입니다."
론볼,,경남,창원시,창원장애인론볼동호회,지체장애,"월,수,금 오후 1시",
론볼,,경남,진주시,모덕장애인론볼동호회,지체장애,"화,수,금 오후 1시",
론볼,,전남,여수시,여수장애인한마음론볼클럽,기타장애,매주 금 오후 2시,"저희 클럽은 론볼경기장에서 맑은 햇볕과 좋은 공기를 맘껏 마시며 친목을 도모하고, 건강한 생활을 유지하고 있습니다.  더불어 장애인과 비장애인이 함께 론볼을 통해서 교류하고자 합니다.  론볼을 사랑하고 관심있는 분들의 많은 참여와 신청 바랍니다."
론볼,,전북,부안군,새만금 론볼 동호회,기타장애,"매주 월,화,수,목,금 오후4시까지",
론볼,,충남,계룡시,(기금)계룡시장애인 론볼클럽,지체장애,매주 목 14:00~16:00,
론볼,,울산,남구,울산장애인론볼동호회,지체장애,매주토요일오후2시,론볼은 장애인과 비장애인이 함께 운동할수 있는 스포츠입니다
론볼,기타,울산,남구,울산장애인연맹론볼교실,지체장애,매주토요일오후2시,울산장애인론볼연맹교실은 장애인 비장애인 함께 할수있는  론볼을 기초부터 배울수 있습니다
론볼,,충남,부여군,(도비)사비론볼클럽,지체장애,"매주 화,목 오전10시(하절기),오후 1시30분(동절기","부여에 거주하고 있는 모든 장애인 대상으로 사비론볼클럽 회원을 모집합니다.  기초 기술부터 경기까지 대상자 수준에 맞게 지도하며,  충청남도장애인도민체전 및 론볼 대회에도 참가 할 수 있도록 진행하고 있습니다.  부여 장애인분들의 많은 관심부탁드립니다."
론볼,,충남,천안시,(도비)데굴데굴론볼클럽,지체장애,매주 월/수 14:00~16:00,
론볼,,경기,부천시,부천장애인론볼클럽,기타장애,매주월.수요일10부터14시,순수장애인들 만의 구성 하여 체력 단련과 재활 운동을 목적 으로 한다
론볼,,경기,안산시,안산시장애인론볼클럽,지체장애,매주 수 오후 2시,"안산시장애인론볼클럽은 안산시 단원구 능안운동장 내 론볼경기장에 위치하고 있으며, 안산시 소재 재가장애인들에게 론볼이라는 스포츠를 보다 쉽게 가까이 할 수 있도록 홍보 및 안내하고, 전문스포츠인으로 발전해 나가는 징검다리 역할을 합니다.."
론볼,,서울,송파구,송파구 슬로비론볼클럽,지체장애,"매주 월,수,금 10~15","건강과 친목을 목적으로 하며 장애인 스포츠의 본이되어  사랑,비젼,꿈,행복,열정,정열이 있는 살아숨쉬는 장애인론볼의 명가 슬로비론볼클럽이 되겠습니다"
론볼,,대구,수성구,팔공론볼클럽,지체장애,매주 금요일 오후1시,재미있는 론볼클럽입니다.
론볼,,전북,익산시,마한론볼동호인클럽,지체장애,"매주 월,금 10시",
론볼,,전북,전주시,론볼동호인클럽,지체장애,매주 목 오후 4시,
론볼,,서울,노원구,노원 레이온 론볼클럽,지체장애,"매주화,목 10;00~16:00",
론볼,,대구,수성구,금호론볼클럽,뇌병변장애,매주토및수시.오후2시-6시사이,규칙적인 운동습관으로 체력관리 및 회원상호간의 화합과 론볼 전문선수 육성
론볼,,서울,송파구,송파론볼클럽,지체장애,"매주호,목 오후2시~4시","~꿈은이루어집니다~  론볼를 사랑(좋아)하는 장애,비장애인의 모임으로 함!  장애인 비장애인의 생활 체육을 육성하고 더 나아가 서로를 이해하며   함께 손잡고 나아가는 진정한 의미를 살리고자 함.  론볼의 동호회 육성을 통하여 일반화 대중화 시킴으로서 쉽고 재미있게  어우러져 진정한 생활체육이 삶속에 파고들게 하고자 함,"
론볼,,서울,송파구,한강론볼클럽,지체장애,매주화.목,한강론볼클럽은 1991년대한민국최초로등록된론볼클럽입니다.최근2년간코로나로인해 조금활동이줄기는했으나  많은우수한선수들이활동하고있으며 국가대표선수와 직장팀도있습니다 열심히하시면취업도합니다  운동장을상시개방하고언제든오시면친절히어울리며 배우고같이즐길수있습니다  장비도 빌려드립니다.언제든꼭오세요
론볼,,서울,강동구,강동구 보훈 론볼클럽,지체장애,매일 9시~16시,
론볼,,제주,제주시,노연볼스클럽,기타장애,"매주 화,목 오후 1시",
론볼,,전북,정읍시,2022전북장애인생활체육 론볼클럽,지체장애,"매주 수,목 10:30",
론볼,,경기,안양시,안양시장애인론볼클럽,지체장애,"매주 월, 수 13시~15시",
론볼,,충남,서산시,데구르르 론볼 클럽,지체장애,매주 목 13:00,
론볼,,경기,안산시,안산시론볼클럽,지체장애,매주 수 오후 2시,"안산시론볼클럽은 안산시 단원구 능안운동장 내 론볼경기장에 위치하고 있으며, 안산시 소재 재가장애인들에게 론볼이라는 스포츠를 보다 쉽게 가까이 할 수 있도록 홍보 및 안내하고, 전문스포츠인으로 발전해 나가는 징검다리 역할을 합니다.."
론볼,,대구,수성구,론볼수성클럽,뇌병변장애,"매주 화,목 오전10시",당 클럽은 대구시 수성구 파동 소재 대구시 장애인종합복지관을 이용하시는 장애 어르신이 클럽의 주회원으로 구성되어 있으며 아을러 비장애 회원도 가입하여 론볼 종목을 통하여 건강증진 및 친목을 도모하는 장애인 생활체육 클럽으로써 2011년 1월에 창단하여 매년 대구시 장애인체육회의 관리 통제하에 운영하는 단체 입니다.
론볼,,울산,남구,선바위론볼클럽,지체장애,매주 목14:00~16:00,장애인과 바정애인의 어울림 동호회로 시내 누구나 참여할수있으며 장애인 사회활동의 기틀을 마련하고 회원 상호간의 유대감을 강화하고 나아가서 전문선수로 활동할수있는 좋은 계기가 됩니다~~~  많은 참여 바랍니다~~~
론볼,,대구,북구,론볼북구클럽,뇌병변장애,매주 토요일 13~15시,재미있는 론볼클럽
론볼,,전북,장수군,2022 전북장애인생활체육 론볼클럽(장수),기타장애,10:00~12:00,
론볼,,서울,강남구,강남론볼클럽,지체장애,월~금 오전 10~,안녕하세요. 강남론볼클럽입니다. 저희 클럽은 지체장애인들이 모여 운동을 하는 단체입니다. 운동을 하면서 체력도 다지고 친목도모도 할 수 있는 재미있는 클럽입니다.
론볼,,제주,제주시,조천만세클럽,기타장애,"매주 화, 목 오후 3시",
론볼,,충북,청주시,2022 직지론볼클럽,지체장애,매주 수.목 오후13시,직지론볼클럽은 론볼에 관심있는 분은 누구나 할 수있습니다.  청주시 론볼경기장은 전천후 론볼경기장입니다.  남. 녀. 모두다 편하게 할 수있는 경기입니다.  매주 수. 목요일 13시부터 운동을 합니다.
론볼,기타,울산,남구,코끼리론볼동호회,지체장애,매주토요일오후2시,코끼리론볼동호회 장애인 비장애인 누구나 즐겁게 론볼을 할수있는 동호회입니다
론볼,,부산,사상구,학장론볼클럽,지체장애,"매주 수, 금 오전 10시",
론볼,,부산,북구,부산북구장애인론볼클럽,지체장애,매주 목 오전10시,? 장애인의 기초체력증진 및 야외 활동을 통한 신체 기능 향상    ? 참가자 간의 상호작용을 통해 자존감 향상 및 사회참여의식 향상    ? 활동을 통해 심신의 안정 도모
바둑,,서울,송파구,송파 방이바둑동호회,기타장애,매주 목 오후 3시,2016년 4월 1일 송파구방이장애인복지관 회원을 중심으로 결성되어 장애인들의 바둑보급 및 대회참가 등의 활동을 하고 있습니다.
바둑,,제주,제주시,사라봉바둑클럽,지체장애,매주 토 09~,장애인들의 일상생활의 여유를 즐기고 두뇌활동을 활발히 할 수 있도록 정기적으로 모여 활동을 하고  수시로 편한 시간에 나와 활동 할 수 있는 바둑교실
바둑,,서울,송파구,송파구 쌍바위기우 바둑 동호회,뇌병변장애,매주 목 1~5시,
바둑,,강원,속초시,어울림바둑클럽,지체장애,"매주 금, 오후1시",속초시어울림바둑클럽
배구,,경남,진주시,멋진여성좌식배구동호회,기타장애,매주 토요일 13:00 ~ 15:00,
배구,,제주,제주시,스파이크좌식배구클럽,지체장애,"매주 목,토,일 18:00~21:00",
배구,,경남,진주시,장애인어울림배구동호회,기타장애,매주 토요일 13:00 ~ 15:00,
배구,,충남,예산군,예산능금좌식배구클럽,지체장애,매주 수 19시,예산능금좌식배구클럽입니다.  매주 수요일 19시 예산군장애인종합복지관에서 훈련 진행하오니 많은 관심과 참여 부탁드립니다
배구,,광주,서구,어등배구클럽,지체장애,"매주 월,수 오후7시",
배구,,충남,당진시,(도비)U&amp;I좌식배구클럽,기타장애,매주금요일 저녁7시,
배구,,충남,계룡시,(도비)계룡시 장애인 발리홀릭좌식배구 클럽,지체장애,매주 금 19:00~21:00,
배구,,강원,인제군,인제군좌식배구동호인클럽,지체장애,"매주 금,오후 13시",
배구,,경기,군포시,군포시여자배구단,지체장애,매주화.목18시,군포시여자배구단은 창단3년차 팀으로 경기도내 여자신인선수  발굴과 저변확대를 목표로 운영하고있으며 누구나 좌식배구에 관심이 있으시면 참여가능합니다.
배구,,강원,홍천군,홍천무궁이좌식배구클럽,지체장애,매주 토요일 13:00~,
배구,,충남,천안시,(도비)브라더스좌식배구스포츠클럽,지체장애,매주 목 18:30~20:30,
배구,,충남,홍성군,(도비)2022년 미래로홍성 좌식배구스포츠클럽,지체장애,매주 화 19:00 ~ 21:00,
배구,,충남,아산시,(도비)아산 아랑이 좌식배구 스포츠클럽,지체장애,매주 목 18:00~22:00,
배구,,충남,청양군,(기금)청양좌식배구클럽,지체장애,매주 목 오후 7시,
배구,,충남,서산시,팡팡배구클럽,지체장애,매주 월 19시,
배구,,전남,영암군,챔피온배구클럽,지적장애,매주 목 오후 4시 30분,"청각 및 지적장애 중, 고등부 학생 위주로 구성되었으며, 배구 기초 기능 및 경기력 향상으로 장애청소년들의 신체 발달과 사회성 향상을 도모함."
배구,,전북,정읍시,2022전북장애인생활체육단이와풍이좌식배구클럽,지체장애,매주 목 16:00-18:00,
배드민턴,,충남,천안시,(도비)드리븐배드민턴스포츠클럽,지체장애,매주 목 18:00~20:00,
배드민턴,,충북,증평군,2022 증평군장애인배드민턴클럽,기타장애,매주 수 오후 1시 30분,증평군배드민턴클럽- 장소: 증평실내체육관
배드민턴,,경기,의정부시,블루윙배드민턴클럽,지체장애,"월,수,금,토",
배드민턴,,충북,청주시,2022 해피드림배드민턴클럽,지적장애,매주 화 오후6시,해피드림배드민턴클럽 지속적인 운영으로 수준 향상
배드민턴,,광주,광산구,빛고을클럽,지체장애,매주 월.수.금.토 오후 7~10시,빛고을배드민턴클럽은 비장애인들과 같이 어울려서 운동하는 클럽입니다
배드민턴,,세종,NULL,다솜배드민턴동호회,지체장애,매주 월.수 오후5시~,세종시 거주 장애인과 비장애인의 어울림 동호회 입니다. 많은 참여바랍니다.
배드민턴,,대구,달서구,재미나는배드민턴클럽,기타장애,"매주 월,수,금 오후 2시",장애인 중심으로 이루어진 좌식 배드민턴클럽
배드민턴,,대전,대덕구,온누리장애인배드민턴클럽,지체장애,"매주 수 오후 6시, 토 오전 9시",
배드민턴,,충북,제천시,2022년 제천시 JCRC 배드민턴 클럽,지적장애,매주 금요일 오전 10시,제천시 장애인 배드민턴 클럽 입니다. 많은 관심과 참여 부탁드립니다.
배드민턴,,경남,남해군,사랑이톡톡배드민턴동아리,지적장애,매주 수 오후 2시,
배드민턴,,서울,강서구,강서배드민턴동호회,지체장애,매주 토요일 오후2시,"장애인, 비장애인 누구나 함께하는 동호회 입니다."
배드민턴,,충남,당진시,(도비)콕콕배드민턴클럽,기타장애,매주수요일 저녁7시,
배드민턴,,울산,중구,휠샷클럽,지체장애,"매주 월,수,금 오후3시",
배드민턴,,부산,부산진구,효민클럽,지적장애,"매주 월,수,금 오후7시",지적장애인과 비장애인이 같이 어울려 배드민턴을 치며 서로 소통하고 체력도 단련시키며 즐겁게 운동합니다
배드민턴,,경기,고양시,리시브,지체장애,"매주 화, 목 19시 부터 21시","리시브클럽은 직업훈련을 받고 있는 장애인과 고양시, 파주시에 거주하고 있는 장애인들과 함께 일산직업능력개발원 교직원들이 운동을하고 있는 클럽입니다.  등록선수와 비등록선수들이 함께 운동을 하고 있습니다."
배드민턴,,전남,광양시,광양시장애인배드민턴클럽,기타장애,매주 금 오후2~4시,광양시장애인배드민턴클럽
배드민턴,,경남,남해군,보물섬 배드민턴단,지적장애,매주 화요일,
배드민턴,,서울,중랑구,중랑휠장애인배드민턴클럽,지체장애,"매주 화,수 오후 7시",중랑휠장애인배드민턴클럽은 중랑구 지역사회의 장애인들의 건강과 생활체육의 활성화 그리고 비장애인과 장애인의 친목 도모를 위하여 장애인과 비장애인들의 함께 열심히 운동하는 단체입니다
배드민턴,,서울,강북구,강북 장애인 배드민턴클럽,지체장애,"매주 화,목,토 오후6시부터",저의클럽은 직장을가진 장애인들이모여 채력증진과 개인의 정신건강을 힐링하기위해  모인 단채입니다.
배드민턴,,부산,사하구,하랑 배드민턴 동호회,기타장애,매주 월-금 4시-6시,지적 및 자폐를 가진 중증장애인 6명과 장애인 보호자6명으로 구성되어   매주 월-금 4시부터 6시까지 각자 기량을 향상하기 위해 주2회 이상   배드민턴을 배우고 즐기고 있는 &apos;하랑(함께 높이 날자) 배드민턴 동호회&apos;입니다
배드민턴,,대구,달서구,혜성배드민턴클럽,지체장애,"화, 금 오후 7시~9시","혜성배드민턴클럽은  휠체어 배드민턴종목과 스탠딩종목(지적, 청각, 비장애인)의 동호인들이 함께하는 어울림클럽으로   배드민턴을 통해 신체적, 정신적으로 건강한 삶을 추구한다.   직장인을 위해 저녁반으로 운영되며 대구달구벌재활스포츠센터 2층 체육관에서 매주 화, 금 운동한다."
배드민턴,,충남,보령시,(기금)JS배드민턴클럽,지적장애,매주 금요일 15시 30분,
배드민턴,,충남,금산군,(군비)2022 금산군 어울림 배드민턴 클럽,지체장애,"매주 화,수 오후3시",
배드민턴,,전북,부안군,2022 전북장애인생활체육 배드민턴동호회(부안),기타장애,"월, 금 14:00 - 16:00",
배드민턴,,전남,완도군,완도배드민턴교실,지체장애,14:30~15:30,완도군민 누구나 참여 가능합니다..
배드민턴,,부산,해운대구,라온클럽,지적장애,매주,
배드민턴,,대구,수성구,달구벌휠체어배드민턴클럽,지체장애,"매주 월,수,금 13:00~17:00",영남권 최초 휠체어배드민턴클럽입니다  서로 존중하며 휠체어 장애인을 위한 클럽입니다
배드민턴,,경기,동두천시,햇살클럽,기타장애,매주 월~목 11:00~16:00,동두천시 장애인 배드민턴 햇살클럽
배드민턴,,경기,포천시,블랙이글,지체장애,매주 월 ~ 금 (13:00 ~ 17:30),
배드민턴,,충남,아산시,(도비)스마일배드민턴클럽,지체장애,"매주 수,목 14:00~17:00",
배드민턴,,전북,군산시,2022년 전북장애인생활체육 군산새만금해오름셔틀콕클럽,지적장애,매주 화요일 15:00~16:00,
배드민턴,,충남,아산시,(도비)아산 한우리 배드민턴 스포츠클럽,기타장애,매주 수 20:00~22:00,
배드민턴,,충북,청주시,2022 해피드림배드민턴클럽,지적장애,매주 화 오후4시,
배드민턴,,충남,서산시,케어드림배드민턴클럽,지적장애,매주 수요일 2시,
배드민턴,,대전,서구,아름드리클럽,지체장애,"매주 수 18시, 토 09시",장애인과 비장애인 함께 하는 좌식 배드민턴 클럽입니다.
배드민턴,,충남,홍성군,미래로 배드민턴 클럽,지체장애,"매주 월,수 19시~21시",
배드민턴,,대구,수성구,울타리배드민턴 클럽,지체장애,매주 목 오전 9시,
배드민턴,,강원,영월군,동강달구지배드민턴클럽,지체장애,"매주 화,금 오후 2시~4시",영월지역에 거주하는 장애인 및 비장애인으로  주2회 운동하는 클럽입니다.
배드민턴,,충남,계룡시,(기금)계룡시 지체장애인 배드민턴 클럽,지체장애,매주 화 18:00~19:30,
배드민턴,,대구,수성구,위드휠클럽,지체장애,"매주 화,목 19:00~22:00",지체장애인들로 구성된 휠체어배드민턴클럽
배드민턴,,경남,의령군,토요애장애인배드민턴클럽,지체장애,매주 목 2시,토요애 배드민턴 클럽은 장애인들의 사회참여를 유도하며 재활의 의지를 높이기 위한 동아리입니다.  배드민턴 활동으로 활동을 많이 하기 어려운 장애인들의 신진대사를 활성화하며 건강한 신체를 유지하고 삶의 질을 향상시킵니다.  경상남도 의령군에 거주하고 있는 장애인과 장애인을 사랑하는 사람으로 본 동아리가 설립되었으며 장애인들의 친목을 증진시키고 상부상조와 우애를 바탕으로 큰사랑을 나누는 데에 그 목적이 있습니다.  매주 1회 2시간씩 의령군 국민체육센터 체육관에서 동아리회원들이 친선경기를 가지고 교육도 받고 있습니다.
배드민턴,,강원,강릉시,올림픽클럽,지체장애,매일 오전 5시30분,
배드민턴,,대구,달서구,태양배드민턴클럽,지체장애,"매주 수19:00~21:00,일14:00~17:00","우리클럽은 운영시간이 매주 수요일(19:00~21:00), 일요일(14:00~17:00)까지 운영하고 있으며 장애인, 비장애인들과 상호존중을 하고 있습니다. 웃음이 나는 클럽입니다."
배드민턴,,부산,강서구,하이클리어 배드민턴교실,기타장애,매주 목 13:30~14:30,
배드민턴,,경기,양주시,YJ휠배드민턴클럽,지체장애,"매주 월,수,금 오후2시~6시까지","YJ란? 양주의 영문지명 Yangju의 약자입니다  휠이란? 휠체어의 줄임말로 장애인들과 화합과 재활운동으로  건강을 증진시키고자 하는 클럽입니다   양주국민체육센터 4층으로 언제든지 방문하여 주세요~~^^  매주 월,수,금 오후 2시부터 6시까지 운동하고 있습니다  양주시에 거주하시는 회원분들을 기다리고 있습니다    YJ Wheel 클럽회장 휴대폰 : 010-9557-4037"
배드민턴,,부산,해운대구,부산한마음배드민턴클럽,지체장애,매주화.목.토오후12시,
배드민턴,,충남,태안군,(도비)태로운 배드민턴 스포츠클럽,기타장애,매주 수 19:00,^^
배드민턴,,충남,보령시,JS배드민턴클럽,지적장애,매주 금 오후 15시 30분,안녕하세요 저희는 지적장애인을 대상으로 하는 JS배드민턴클럽입니다.
배드민턴,,부산,사상구,부산왑스장애인배드민턴클럽,지체장애,"매주 월, 수, 금 오후 6시","저희 클럽은 사상구청소년수련관에서 매주 월,수,금요일 오후6시부터 오후9시까지 배드민턴운동을 하고 있습니다."
배드민턴,,경기,고양시,탄현 배드민턴 클럽,지적장애,매주 화요일 오후 2시,조은나무 조은열매 장애인 스포츠 지원센터의 소속 발달장애인들이 매일 오후시간을 활용하여 운동하는곳입니다.
배드민턴,,울산,남구,위캔배드민턴클럽,지적장애,셋째주 토 오후 1시 / 월~금 1시~7시,울산 발달장애청소년 및 비장애청소년으로 구성된 위캔배드민턴클럽입니다.
배드민턴,,강원,강릉시,강릉시장애인배드민턴동호회,지체장애,매주 화 19:00~22:00,
배드민턴,,전남,영암군,소정배드민턴클럽,지적장애,월15:30-17:30,소림학교에 재학중인 지적장애학생들로 구성된 배드민턴 클럽으로 수업 후 여가활동으로 배드민턴 활동을 하고 있습니다.
배드민턴,,전남,여수시,여수시장애인배드민턴함꾸네클럽,지적장애,"매주 수, 오후7~9시",본회는 비장애인 스포츠를 토앟여 심신의 건강을 증진시키고 장애인의 사회참여를 유도하고 장애인 비장애인과의 이해확대를 하여 발전시키고자 함
배드민턴,,충남,천안시,(도비)좌식민턴사랑클럽,지체장애,매주 토 16:00~19:00,
배드민턴,,경기,양주시,양주폴라리스배드민턴클럽,기타장애,매주 월~토요일 13:30~17:30,장애인과 비장애인이 함께 배드민턴을 즐기는 클럽입니다
배드민턴,,경기,이천시,셔틀콕과함께즐거운일상,지체장애,"매주 월,화,수,목,금10시","장애인의 부족한 신체활동으로 심신의 부족한 부분을 체육, 스포츠 활동을 통해 일상생활 속에서 하는 것으로 생활체육의 주목적은 신체활동의 부족, 자기표현의 기회상실, 인간관계등과 관련하여 신체활동을 통하여 체력을 단련하고 생활에 활력을 가져 보다 밝고 풍요한 생활을 영위하기위한 동아리입니다."
배드민턴,,대구,달서구,달구벌스탠딩배드민턴클럽,뇌병변장애,"월,수,금 오후2시~5시",
배드민턴,,경기,평택시,서재민턴,비장애인,"매주 화,토 오후 19시",센트럴자이자이 일반인 동호회입니다.
배드민턴,,경남,하동군,승승장구,지적장애,"매주 화,수 오전10시",장애인 배드민턴 클럽 &quot;승승장구&quot;는 하동지역 장애인들의 신체?심리 증진과 사회성발달을 통해 사회일원으로서 자립능력을 키울 뿐 아니라 장애인들의 생활체육활성화를 위해 운영되는 클럽입니다.
배드민턴,,충남,서산시,중앙배드민턴클럽,지적장애,매주 금 14시,
배드민턴,,충남,서산시,서인배드민턴 클럽,지체장애,매주 일 14:00,
배드민턴,,충북,청주시,2022년 날아라셔틀콕 동호인클럽,기타장애,매주 화요일 오후3시,우리들정신건강센터 &apos;2022년 날아라셔틀콕 동호인클럽&apos;입니다.
배드민턴,,부산,남구,유엔배드민턴클럽,지체장애,"매주 화, 수 15시~17시",좌식배드민턴을 즐기는 클럽
배드민턴,,경기,의정부시,나비공,지적장애,"월,화,수,목10",2019년에 발달장애인의 건강과 경제활동을 위해 만들어진 클럽입니다.
배드민턴,,광주,남구,프런티어,지체장애,매주 월.수.금.토 오후 7~10시,프런티어배드민턴 클럽은 지체. 지적. 장애인들이 모여서 활동하는 클럽입니다.
배드민턴,,충남,천안시,휠사모배드민턴클럽,지체장애,매주 목요일 오후7.매주일요일 오후2시,15년전통의 충남지역 최초의 휠체어배드민턴 클럽입니다
배드민턴,,서울,노원구,노원 불암장애인배드민턴클럽,지체장애,"화,목(오후6~10시)/토,일(오후2시~8시)",노원구 대표적인 장애인배드민턴클럽입니다. 배드민턴에 관심있는 분들은 찾아오시거나 연락주세요.
배드민턴,,경기,시흥시,어울림 클럽,지체장애,"매주 월,목 오후4시~6시","저희 어울림배드민턴클럽은 경기도 시흥시 시흥시장애인배드민턴협회 산하에 있는 클럽입니다.  2022년 4월에 회장단 및 임직원이 구성하였습니다.  선수구성은 지체,청각,지적 장애유형에 선수로 구성하였고 초등학생 장애인부터 성인 장애인까지 폭넓은 연령때입니다.  저희 클럽은 대부분은 협회 선수로 구성하였고 보호자도 일부 포함하였습니다.  평일에서 경기도 시흥시 정왕동 역전로50번길에서 오전7시부터 오후5시까지 시흥시전용배드민턴장 체육관에서 성인선수들만 운동합니다.  주말에는 경기도 시흥시 군자동 634-4번에서 오전8시부터 12시까지 초등학생에서 고등학생 장애선수들이 운동합니다.  교실 운영은 월, 목 오후 4시부터 6시까지 학생부터 성인까지 같이 개인지도를 받습니다.  시흥시장애인배드민텁협회 발전과 전문 선수를 육성.  클럽 활동을 활성. 어느 정도 지원과 홍보를 하기 위해 클럽을 신청합니다"
배드민턴,,서울,송파구,송파 영풍배드민턴 클럽,기타장애,3시간,
배드민턴,,서울,성북구,성북 일요배드민턴 생활체육클럽,지체장애,"매주 화,목,토,일 18시~21시",
보치아,,서울,노원구,노원프리닉스 보치아클럽,뇌병변장애,매주 목 오후 2시,보치아를 사랑하고 생활체육으로 친목도모를 위한 클럽입니다.
보치아,,경기,김포시,김포시장애인보치아클럽,뇌병변장애,"매주 화,목 3시30분",
보치아,,경남,진주시,한마음보치아동호회,지체장애,매주화.수오후1시,
보치아,,전북,부안군,2022 전북장애인생활체육 보치아동호회(부안),기타장애,"월,화 14:00-16:00",
보치아,,충남,논산시,(기금)놀뫼보치아클럽,지체장애,매주 수 10:00~12:00,놀뫼보치아클럽입니다^^
보치아,,전북,완주군,완주군 보치아 혜산 클럽,뇌병변장애,매주 금 오후 2시~4시,
보치아,,경기,양주시,씨밀레보치아클럽,뇌병변장애,매주 수요일 오후 16:30~17:30,
보치아,,충남,서천군,(도비) 다함께보치아클럽,뇌병변장애,"매주 화, 목 오전 10시",다함께 즐기는 보치아 클럽입니다.
보치아,,대전,동구,대전 보치아 동호회,지적장애,"화,목 11:00~11:50",
보치아,,전남,여수시,동백원보치아클럽,뇌병변장애,매주 수 오전 10시,
보치아,,충남,서산시,데굴데굴보치아클럽,지적장애,화요일 1시 30분,
보치아,,부산,북구,다시만난전성기,지체장애,"매주 월, 수, 금 오후 3시","지체장애인 신체활동 증진 및 고립감 해소를 위해 시작한 프로그램인  다시만난전성기는 단지 내 유일한 지체장애인 주민조직이다.  2021년 다시만난전성기는 지역 캠페인(장애인 조직 기획·실천 장애인·비장애인 대상 ‘보치아 체험’활동, 사상구 장애인 자립생활지원센터와 보치아 친선전) 2회, 아무런(장애인 조직 기획·실천 장애인·비장애인 2단지 무장애 길 걷기 행사), 이용자 역할 부여, 내부 규정 정비, 주민조직 활동, 자원봉사 등 다양한 활동을 전개하였다. 참여자들은 건강한 신체활동만이 아닌 지역주민과의 사회적 관계망을 형성하고 소통하며 장애인 스포츠와 지체장애에 대한 인식을 전환하는 역할을 수행하였다.   앞으로 다시만난전성기는 지체장애인들을 위한 신체활동 뿐만이 아닌 비장애인과의 이야기를 나누고 장애인 인식개선을 위한 지역주민들과의 소통, 모임, 캠페인 등을 주체적으로 진행하는 홍보의 교두보 역할을 수행할 것이다."
보치아,,부산,북구,부산하모니,뇌병변장애,매주 토 오후 13시,보치아 기술을 항상시키고 21년의 깊은 역사가 말해주듯이 가족분위기로 친목을 다지면서 정보를 공유하는 자유로운 클럽입니다.  간심 있으신 분들 꼭 연락주세요.
보치아,,부산,사하구,어울빛2,뇌병변장애,매주 수요일,중증장애인과 일반인으로 구성된 보치아 동호회로서 2020년에 설립되었으며 보치아를 통하여 정신적 힐링을 가지며 운동을 통하여 중증장애인을 체력적으로 ㄷ 도움이 될수있게하는 친목 동호회이다.
보치아,,서울,강서구,강서 모자이크 보치아클럽,뇌병변장애,"수:12-15,금14-17","저희 모자이크 보치아클럽은  21년을 이어온 클럽으로서 전문 선수와 생활체육 선수로    회원제로 구성되어 있으며, 수많은 입상 경력과 우수한 팀워크로 지도자 및 심판 자격을    가진 전문 구성원으로 이루어진 보치아 클럽입니다.    시설이나, 학교에서 보치아를 하신 분 또는 생활체육으로 배우고 싶으신 분    누구나 환영하며, 신입 회원 여러분을 기다립니다."
보치아,,서울,강서구,강서 허니히어로즈보치아클럽,지체장애,매주 월요일 오후2시,"본 클럽은 보치아 종목을 강서구에 널리 보급하여 장애인의 체력을 향상하게 하며, 경기인 및 그 단체를 통할?지도하고 우수한 경기인을 양성하여 강서구에 위상을 높임을 목적으로 한다. 또한 장애인의 생활체육 진흥을 위한 각종 사업을 실시함으로써 장애인의 건강증진 및 건전한 여가생활 보장을 목적으로 한다."
보치아,,부산,연제구,파워휠,뇌병변장애,매주 월요일 오후 2시,
보치아,,전북,익산시,서동보치아클럽,지체장애,매주금 14시,
보치아,,부산,사상구,다모아,뇌병변장애,"매주 월, 수 13시 30분",주로 뇌병변 장애인들이 모여 친목 도모와 신체 달련을 위해 모이는 모임입니다
보치아,,서울,동작구,동작구 글로벌보치아클럽,뇌병변장애,월~금  11:00~17:00,
보치아,,경기,화성시,화성희망나래보치아클럽,뇌병변장애,매주 수요일 10:00~12:00,인권을 회복 하고 재활을 다지며 자조모임을 통해 친목을 도모 합니다. 아울러 대회도 참가하며 사회성을 함양 하는 단체 입니다
보치아,,경기,파주시,파주시장애인보치아클럽,지체장애,매주 목 오후 2시,
보치아,,광주,광산구,나눔보치아클럽,지적장애,매주 월요일 13시,낮시간 동안 센터에 나와 활동하는 발달장애 및 뇌병변 장애인들로 결성 된 클럽입니다.
보치아,,경기,오산시,세상밖으로,뇌병변장애,매주 금 오후 2시,
보치아,,경남,창원시,경남부치소,뇌병변장애,"매주 화, 목 12시~14시",
보치아,,충북,증평군,2022 증평보치아클럽,지체장애,매주 금요일 14시30분~15시10분,
보치아,,서울,강동구,강동 희망지기 보치아클럽,뇌병변장애,매주 목요일 오후 1시,중증장애인들에게 생활 스포츠인 보치아를 지원 함으로서 중증장애인들의 생활체육이 자생할 수 있도록 통로를 마련하고 장애인 체육의 발전 및 개별적 건강을 향상 시킴고자 합니다
보치아,,전북,전주시,전북우리BC클럽,뇌병변장애,매주 월 오후 2시,
보치아,,전남,목포시,목포보치아목련회,뇌병변장애,"매주 월, 수 오후1시",
보치아,,대구,달서구,위풍당당 보치아 클럽,뇌병변장애,"매주 화,목 오후 2시 ~ 4시",뇌병변 장애인들의 신체적 활동 도모와 일상생활의 활력을 불어넣어 주기 위해 보치아 클럽을 만들게 되었으며 장애인생활체육을 널리 알리는 계기가 되겠습니다.
보치아,,전북,전주시,새빛보치아클럽,뇌병변장애,매주 화 오후 3,
보치아,,충남,홍성군,홍성나래보치아동호회,뇌병변장애,"매주 월 14:30, 화 13:00",
보치아,,충남,천안시,(도비)보치아를 사랑하는 모임,지체장애,매주 화/목/토 14:00~17:00,
보치아,,충남,태안군,(기금)태안군 장애인 보치아클럽,지체장애,매주 화요일 15시,^^
보치아,,경기,김포시,김포시장애인보치아클럽,기타장애,매주 화 15시,장애인과 비장애인이 통합하여 즐길 수 있는 보치아클럽입니다.
보치아,,충남,청양군,(도비)청양보치아클럽,지체장애,매수 수 오전 10시,
보치아,,경남,양산시,한우리보치아,뇌병변장애,매주목요일,
보치아,,충남,예산군,예산사랑보치아클럽,뇌병변장애,매주 수 13:00,
보치아,,충남,서산시,쇠똥구리 보치아 클럽,지체장애,매주 월 10:00,
보치아,,전북,전주시,전북우리BC,뇌병변장애,매주 월 오후 5시,장애유형 상관없이 보치아를 즐기고 싶은 전북 도민이면 누구나 참여할 수 있는 클럽이 되고자 합니다.
보치아,,경기,포천시,포천어울림보치아클럽,뇌병변장애,매주 화 오후 2~4시,장애인과 비장애인 같이 어울려 보치아 경기를 통해 친목도모 및 체력증진을 같이함
보치아,,서울,강서구,강서 허리케인보치아클럽,뇌병변장애,매주 수 오후 2시,안녕하세요 2015년부터 활동한 장애인 생활체육 보치아 모임 &quot;허리케인&quot;입니다.  전 장애유형의 가입을 가능하고 관심있는 분들은 클럽 전화번호로 연락주시기 바랍니다.
보치아,,서울,마포구,마포 보치아자조모임 가온의 아이들,뇌병변장애,매주 화요일 오후3시~6시,○ 지역 장애인에게 보치아 자조 모임 기회를 제공   ○ 생활체육 및 사회활동의 경험을 증가   ○ 개인의 역량 강화를 통해 자립 의지 향상
보치아,,경남,통영시,통영히어로보치아,뇌병변장애,매주 화 오전 10시30분,
보치아,,부산,북구,부산하모니,뇌병변장애,매주 토 오후 1시,
보치아,,울산,북구,울산보치아돌핀스,뇌병변장애,매주 월~목 오후 2시,
보치아,,경기,시흥시,시흥퍼펙트,뇌병변장애,매주 월~금 오후1시~4시,보치아를 좋아하는 뇌병변 장애인들의 모임
보치아,,전북,김제시,보담 보치아클럽,지적장애,매주 금 오후 1시 30분,
보치아,,서울,성북구,성북미래보치아클럽 볼굴리는사람들,지체장애,매주 금 10시,
보치아,,전남,순천시,보치아은볼클럽,뇌병변장애,매주 화 오후 3시~5시,여러유형의 장애인들이 모여 보치아를 배우고 친목도 다지고  실력을 향상시켜 대회에 출전도합니다.
보치아,,서울,노원구,노원 삼색공의열정 보치아클럽,뇌병변장애,"매주 금, 14:00~17:00",저희 클럽은 가족 같이 더불어 함께 가는 화목한 공간을 추구하는 클럽입니다.
보치아,,서울,은평구,은평구 보치아자조모임,뇌병변장애,매주 화요일 오전 10시~12시,안녕하세요 은평장애인자립생활센터에서 진행하는 보치아 자조모임입니다.
보치아,,서울,영등포구,영등포구 영파워 보치아 클럽,뇌병변장애,"매주 월,화 오전10시",
보치아,,서울,성동구,굴려굴려보치아클럽(성동장애인자립생활센터),뇌병변장애,"화,목 14:00~16:00",성동장애인자립생활센터에는 &apos;굴려굴려&apos;라는 보치아 모임이 있습니다.   성동지역에서 중증 장애인들의 생활체육으로 정기적으로 보치아   연습을 하고 있고 보치아 대회도 꾸준히 출전하고 있습니다.   (클럽관련 문의는 knil26@hanmail.net로 주시기 바랍니다)
보치아,,부산,부산진구,부산오륙도보치아클럽,뇌병변장애,매주 토 오후 1시,
볼링,,경기,양평군,양평군 장애인 볼링클럽,지적장애,매주 목요일 오후 2시,
볼링,,대구,중구,소리볼링클럽,시각장애,매주일요일오전11시,"? 볼링을 통해서 개개인의 건강과 회원간의 화합 및 친목을 도모    ? 소리볼의 기본이념인 장애인의 권익과 장애인에 대한 편견, 불평등에 대한 사회의 인식 변화를 위하여 함께 노력     ? 장애인 볼링을 통한 생활체육의 활성화"
볼링,,충남,천안시,(도비)천안시장애인볼링동호인클럽,지체장애,매주 화 16:00~18:00,
볼링,,대구,달서구,달서구장애인볼링클럽,지적장애,"매주 화, 오후 2시",달서구장애인주간단기보호센터를 이용하는 지적 및 자폐성 장애인들이 볼링클럽활동을 통해 스트레스와 코로나 블루를 해소하고 즐겁고 건강하게 생활할 수 있도록 지원합니다.
볼링,,서울,영등포구,영등포 에이스스포츠클럽,지적장애,매주 토 10시,저희는 볼링과 특수체육을 하는 생활체육 클럽 입니다.  홍숙희대표(010-6248-2285)
볼링,,광주,남구,원앤텐(ONE &amp; TEN)볼링클럽,지체장애,"매주 화, 수 20시 / 토 15시",지체장애인과 비장애인이 함께하며 장애인볼링 활성화와 전문체육선수 육성에 노력하는 광주광역시 장애인 볼링동호회!!
볼링,,충남,천안시,(도비)천안사랑볼링스포츠클럽,지체장애,매주 화 16:00~18:00,
볼링,,전북,군산시,2022년 전북장애인생활체육 군산새만금볼링클럽,기타장애,월요일 10:30~11:30,
볼링,,경기,광주시,파워볼링클럽,지체장애,매주 수요일11시~13시,
볼링,,부산,북구,볼펙토리 볼링 클럽,청각장애,매주 토요일 오후7시30,
볼링,,경기,구리시,구리시누리볼링클럽,지적장애,"매주 월,수 오후5시",구리시 누리볼링 클럽입니다. 지적장애와 지체장애로 이루어져있습니다.
볼링,,충남,아산시,(도비)아산 온양이 볼링스포츠클럽,지체장애,매주 화 13:00~14:00,
볼링,,서울,성북구,성북농스트라이크 볼링클럽,청각장애,매주 목 10시~12시,
볼링,,경남,양산시,양산스마일농아볼링클럽,청각장애,매주일요일18시,스포츠를 통하여 농아인의 체력 단련 및 사회 통합 도모
볼링,,충남,공주시,(도비)고마DEAF 볼링클럽,청각장애,매주 화 오후 7시,안녕하세요. 2022년 고마DEAF 볼링클럽입니다.  매주 화요일 오후 7시부터 8시 볼링을 하고 있습니다.  많은 참여 부탁드립니다.
볼링,,전북,부안군,2022 전북장애인생활체육 볼링동호회(부안),기타장애,"화,목 14:00-16:00",
볼링,,충남,공주시,(도비)공주시 스트라이크 볼링 스포츠클럽,뇌병변장애,매주 화요일 오후 7시~9시,"안녕하세요. 2022년 공주시 스트라이크 볼링 스포츠클럽입니다.  매주 화요일 오후 7시~9시, 나사볼링센터 공주점에서   청각장애, 뇌병변장애, 지체장애 등 여러 장애유형분들이 모여 볼링을 칩니다.   많은 참여 부탁드립니다."
볼링,,경남,양산시,느티나무 볼링팀,지적장애,"격주 화 10:30, 목 13:30",
볼링,,경남,양산시,양산지체볼링동호회,지체장애,매주 월 오후6시,
볼링,,경남,창원시의창구,창원시각장애인볼링동호회,시각장애,"매주수요일, 오후2시","? 사업목적 : 동아리활동을 통한 경기력 향상으로 우수선수 양성   ? 사업기간 : 2022. 4. 13 ~ 9. 21  ? 사업내용 :        - 장    소 : 탑볼링센터       - 참가인원 : 총16명(참가자 10&lt;장애인 10, 비장애 0&gt;,                     담당자 1, 지도자 1, 운영요원 0, 자원봉사 4)       - 운영종목 : 볼링       - 운영횟수 : 총22회"
볼링,,충남,서천군,(군비)서천군 장애인 스트라이크 볼링클럽,기타장애,매주 수요일 오후 13시 30분,"서천군 장애인 시각, 지체, 청각 장애인분들이 협력 도모하여 매주 수요일 13:30~15:30 진행하고 있습니다."
볼링,,충남,청양군,(도비)굴렁쇠볼링클럽,기타장애,매주 월 오후 6시 30분,
볼링,,경남,양산시,청솔볼링회,기타장애,"화,목,토,일 1시",볼링활동을 통한 친모도모와 상호 유대강화
볼링,,경남,고성군,다이노서,지적장애,매주 수 오후 5시,
볼링,,충남,아산시,(기금)아산스마트장애인볼링클럽,시각장애,매주 화 14:00~15:30,
볼링,,충남,아산시,(도비)아산온양이볼링클럽,기타장애,매주 화 13:00~14:00,
볼링,,충북,충주시,2022 충주애플볼링클럽,기타장애,"매주 토, 오전 10시",다양한 장애유형의 회원들이 모여 활동하는 동호회 클럽입니다. 그래서 장애 유형을 기타 장애로 선택했답니다. 클럽 활동을 통해서 서로의 장애를 이해하고 존중하며 함께 화합을 이루고 있습니다. 지역사회의 많은 격려와 응원 부탁드려요. 감사합니다.~^^
볼링,,충북,청주시,2022 우리들볼링동호인클럽,기타장애,"매주 목, 15시~17시",충북지역 정신장애인분들의 많은 관심과 참여 부탁드립니다.
볼링,,부산,북구,부산시각텐핀볼링클럽,시각장애,"매주첫째,둔째 토요일 오전10시",2012년 만들어진 시각장애인 볼링클럽입니다.  현재활동하고 있는회원은 약25명이지만 꾸준히늘고 있습니다.  건강증진과 여가활동만들어가는 시각장애인 클럽입니다.
볼링,,경남,밀양시,느티나무볼링클럽,지적장애,매주 월요일 오후2시,성인 발달장애인으로 구성된 볼링클럽입니다 크럽활동을 한지는 오래되어 회원 대다수가 볼링의 기본기는 익힌 상태이며 신규회원이 조금씩 늘어나고 있습니다
볼링,,서울,금천구,클로버데프볼링클럽,청각장애,격주 목요일 오후8시,클로버데프볼링클럽 청각장애인 볼링동호회입니다.
볼링,,부산,사상구,볼사랑볼링클럽,지체장애,"매주 월,수,금 오전11시~13시",지체장애인 클럽으로서 건강증진과 상호간의 교류로 사교성에 도움을 주고있습니다.
볼링,,경남,합천군,해피투게더,지적장애,매주 월 오후 1시 30분,시설입소중증장애인의 사회참여기회 및 자립의지를 도모하며 전신운동을 통한 신체적 건강증진을목표로 합니다.  회원간 유대관계를 형성하고 심리·정서적으로 지원하고자 합니다.
볼링,,서울,노원구,노원마들볼링클럽,지체장애,"매주 목, 금 오후 2시",
볼링,,경기,평택시,삼무동장애인볼링동호회,시각장애,매주 토 오전10시30분,"삼무동장애인볼링동호회는 2006년에 결성되었습니다. 평택시에 거주하는 볼링에 관심있는 신체활동이 가능한 장애인들이 결성되어 매주 토요일 오전10시30분, 정기 모임을 하고 있습니다. 정기모임을 통하여 서로간의 친목도모와 유대강화 그리고 건강이 증진되었으며, 꾸준한 훈련으로 자질이 향상되어 전문선수로써 활동하시는 분들도 계십니다."
볼링,,전북,김제시,김제 해밀볼링클럽,지체장애,매주 목 오후 2시,
볼링,,서울,강동구,서울이글스 시각장애인볼링클럽,시각장애,"매주 월,10:30~12:30","볼링에 관심있는 시각장애인들의 모임으로써 생활체육과 시각볼링의 저변확대와  전문선수배출과 더불어 동호회 활동을 통해 정신적 ,신체적 건강에 도움을 줄수 있도록 노력하는 클럽입니다"
볼링,,충북,청주시,2022 신바람시각볼링클럽,시각장애,매주 화요일 13시,안녕하세요 청주에서 활동하고 이는 시각장애인 볼링동호회입니다
볼링,,대구,달서구,2022 나누리 볼링클럽,지적장애,목 2시-4시,
볼링,,경남,양산시,울타리볼링동호회,지체장애,매주 토요일 오후2시,장애인과 비장애인이 모여 볼링활동을 통한 장애인식개선 발달에 도움이 되고자 합니다.  볼링활동을 통한 개인역량강화도 도모하고자 합니다.
볼링,,대전,서구,갈마그랜드BC,지체장애,"매주 화, 금 오후 13시 30분",장애인볼링을 통한 전문체육인 양성 및 건강증진 도모
볼링,,대전,서구,대전B BC,시각장애,"매주 월, 수 오후 13시30분",대전 시각장애인이 주죽이 되어 매주 장애인볼링을 통한 건강증진과 여가 문화정착을 위한 모임을 하고 있습니다.
볼링,,전남,여수시,핑클여성동호회,기타장애,매주 화 오후2시~4시,
볼링,,경기,평택시,평택해피농아볼링클럽,청각장애,"매월 2,3,4째주 일요일 오후6시","매월 2,3,4째주 일요일 오후6시에 기존 K2볼링장 이전을 하여 현재 퍼펙트 볼링장에서 모여서 농인들과 친목을 다지는 모임입니다."
볼링,,경남,양산시,울타리볼링동호회,지체장애,매월 토 오후 13시~15시,여러 유형의 장애인들과 비장애인들이 함께 스포츠활동을 통하여 개인역량 강화와 장애인식개선에 공헌하는 모임
볼링,,충북,제천시,2022 드래곤이어볼링클럽,청각장애,매주 수요일 오후 2시,청각장애인 볼링클럽
볼링,,충북,진천군,2022 진천군장애인볼링클럽,기타장애,월 18:30~20:30,
볼링,,경기,양주시,양주사랑 시각볼링클럽,시각장애,"매주 화,수 오전 10시",양주시에 위치하고 있으며 시각장애인으로 구성된 양주사랑 시각볼링클럽입니다.
볼링,,전남,여수시,한울타리동호회,기타장애,매주 목 오후2시~4시,
볼링,,충북,제천시,2022 세하볼링클럽,지적장애,주 1회,세하의 집 거주시설 이용인 대상의 볼링클럽입니다
볼링,,울산,남구,돌핀볼링클럽,시각장애,매주 토요일 오전 11시,울산에 소재하고 있는 장애인볼링클럽 입니다. 전체유형의 장애인이 참여 가능하고 매주 토요일 정기모임을 합니다
볼링,,경남,양산시,숭인볼사모,기타장애,매주 일 오전 11시,숭인볼사모는 매주 일요일 오전 11시 서창 마이티볼링장에서 볼링활동 실시.
볼링,,충남,당진시,(도비)네오볼링클럽,기타장애,"2,4째주화요일 저녁7시",
볼링,,경남,통영시,통영엔조이볼링동아리,청각장애,"1,3주 (일) 오후4시","안녕하세요~  통영엔조이볼링동아리입니다.  볼링에 대한 열정만 있다면  누구나 언제라도 모두 모두 환영합니다.  2022년, 엔조이볼링에 들어오셔서 좋은 추억을 함께 만들어요~^^"
볼링,,부산,북구,부산텐샷볼링클럽,청각장애,매주 토 첫째 세째 7시 19:00,스포츠를 통해서 부산텐샷볼링클럽 회원단의 체력 및 단력 친목도모
볼링,,충남,부여군,사비볼링클럽,시각장애,매주 수 오후 2시,시각장애인을 중심으로 구성된 볼링 동호회 입니다.  모든 장애인과 함께 하는 볼링 동호회 입니다.
볼링,,경남,진주시,원팀장애인볼링동호회,지체장애,매주 목요일 오후 2시,
볼링,,경남,거창군,거창플레져볼링클럽,청각장애,매주 금 오후 2시,
볼링,,부산,부산진구,루비스타 볼링클럽,시각장애,둘째 넷째 토요일 11시,시각장애인들이 볼링을 즐기며 여가생활을 할수 있는 자리를 마련하여 다들 실력도 뽐내며 은근히 운동도 되는 볼링 클럽입니다. 다같이 담소도 나누고 즐겁게 즐기는 클럽입니다.
볼링,,경남,진주시,신장장애인 건강증진 UP 볼링동아리,기타장애,매월 화요일목요일 중 2회이상,
볼링,,경기,용인시,용인퍼펙트농아인볼링클럽,청각장애,"매주 금,토 오후 7시",볼링공을 쳐서 핀10개를 쓰러지게하여 스트라이트의 쾌감을 통해 운동능력 향상 및 취미활동으로 스트레스 해소에 많은 도움이 되는 종목입니다 용인시 거주 농아인들에게 기회를 제공하여 같이 볼링을 침으로 소외를 받지않게 해드리겠습니다.
볼링,,강원,영월군,영월청소년볼링동호회,지적장애,매주 목 오후 14:30~16:30,장애인청소년볼링 동호회
볼링,,서울,종로구,종로 영락농인볼링클럽,청각장애,격주 일요일 오후 4시,안녕하세요. 영락농인볼링클럽입니다.  차별없는 어울리는 볼링클럽입니다.
볼링,,경남,진주시,허리케인클럽,청각장애,일 오후 4시,
볼링,,충북,옥천군,2022 옥천DEAF클럽,청각장애,매주 목 오후2시,옥천 농아인 볼링클럽입니다.
볼링,,대전,서구,월평발달장애인주간보호센터,지적장애,매주 월 금 오후 4시,월평발달장애인주간보호센터는 발달장애인의 건강하고 즐거운 생활을 위해 볼링 활동을 하는 클럽입니다.
볼링,,대전,서구,모두사랑볼링클럽,지적장애,"수,목 오후3시~9시중","모두사랑장애인야간학교 재학생으로 구성 된 볼링클럽으로써, 중증 성인장애인 20대~60대까지로 구성되어 있다. 본 클럽은 기본적인 볼링 예절과 운동 수행을 위한 신체의 균형을 유지하고 익혀진 자세로 균형 잡힌 투구 동작을 동해 안정 된 스윙을 배우는 것을 기본으로 한다. 또한 스페어 처리 공략법과 점수계산등의 흐름도를 익히며 흥미로운 게임도 즐기는등 장애인 생활체육활성화에 이바지 함에 있다."
볼링,,부산,북구,부산텐샷볼링클럽,청각장애,매주 토 첫째 세째 7시 19:00,
볼링,,충남,서산시,드루와볼링 스포츠 클럽,지적장애,"매주 화,수 14:00",
볼링,,서울,동작구,스피드시각장애인볼링클럽,시각장애,매주 월요일(오전)10시~12시 목요일 15시~17시,볼링을 사랑하는 사람들이 모여 친목을 도모하고 볼링 선수로써의 꿈을 키워가는 사람들이 모인 클럽입니다
볼링,,충북,충주시,2022 다사랑볼링클럽,지적장애,매주 금요일 오후10시~12시,충주시장애인다사랑센터 볼링동호회입니다 볼링을 좋아하시는 이용인분들과 함께 어울려 활동예정입니다.
볼링,,경남,창원시마산합포구,굴림돌,지적장애,매주 월 오후 3시30분부터,기초체력 및 사회성 향상을 위한 지역장애인 볼링동아리“굴림돌”
볼링,,경기,고양시,고양레인보우볼링클럽,기타장애,매주 월 오후 5시~7시,"지적, 자폐성장애 청년들과 부모님들이 10년차 직장퇴근 후 꾸준히 모여 볼링클럽 활동을 통하여, 여가활동 및 친분을 가지는 시간을 갖고 있습니다."
볼링,,경기,과천시,과천시장애인볼링클럽,기타장애,"매주 화,목 14:00",
볼링,,경북,포항시,해오름볼링동호회,뇌병변장애,매주 목 오후1시,뇌병변장애인들의 재활체육을 위한 동호회입니다.
볼링,,부산,사상구,빅볼볼링교실,기타장애,매주 화 오후1시30분,
볼링,,경남,합천군,합천농아인볼링클럽,청각장애,매주 목 오후 2시,건전한 스포츠 정신으로 볼링을 즐기며 볼링을 통하여 회원 상호 간 단체 볼링 클럽 간의 친목을 도모하고 단체행동을 통한 적극적인 창의와 노력으로 동아리를 발전시켜 나간다.
볼링,,경북,칠곡군,프렌즈B.C,청각장애,매주토요일 오후7시,
볼링,,경기,고양시,고양스카이볼링클럽,시각장애,매주 금요일 오후12시,"고양시 시각장애인분들의 여가문화지원 등 다양한 복지서비스를 수행하며,  건강한 생활의 영위를 위하여 노력하며, 동료들과의 체육활동을 통한 사회성 향상과   동질감형성으로 안정감을 형성할수 있도록 노력하고 있습니다."
볼링,,충남,태안군,(도비)태안군 장애인 PINE볼링클럽,지체장애,매주 월요일 19시,^^
볼링,,경기,시흥시,영파워볼링클럽,지체장애,매주 금요일 오후1시,장애인들이 어울려 놀수있는 클럽입니다  스트레스를 날려버릴수있는 활기찬 클럽입니다
볼링,,충남,서산시,시각장애인볼링클럽,시각장애,매주 목요일 14시,
볼링,,경기,오산시,흰지팡이,시각장애,매주 토 오전10시,
볼링,,충남,예산군,볼든아이 볼링 스포츠클럽,청각장애,"둘째, 넷째주 목요일 17:00",
볼링,,충남,서산시,볼링롤링볼링클럽,지적장애,매주 월요일 16시 30분,
볼링,,충남,계룡시,(도비)계룡시 장애인 스트라이크 볼링클럽,지체장애,매주 화 19:00~21:00,
볼링,뉴스포츠,충남,서산시,농아인볼링클럽,청각장애,"월,금 3시",
볼링,,제주,서귀포시,구르미볼링클럽,지체장애,매주 목요일,"창단된지13년이되는데, 회장 단이 자주 바뀌다 보니 전에 기록을  찾을 수가 없네요.  볼링공 굴려가는 모습이 아름답게 보여서 (구르미볼링클럽)라고 명칭을 지었습니다."
볼링,,경기,성남시,유니온볼링클럽,청각장애,매주 금요일 오후7시,
볼링,,경남,양산시,양산은하수볼링회,시각장애,"매주 화,금 오후1시",
볼링,,서울,성북구,성북 행복플러스볼링클럽,뇌병변장애,매주 수요일 오후 1시,"성북장애인복지관 소속으로 볼링동호회 명칭은 &apos;행복플러스&apos; 입니다.  볼링장은 우리볼링센터에서 매주 수요일 오후 1시~3시까지 운영하고 있습니다.  친목도모와 건강 유지, 삶의 행복을 느낄 수 있게 재미있게 하고 있습니다.  누구든지 환영합니다."
볼링,,경남,합천군,합천부모회볼링클럽,지적장애,매주 화 오후2시,합천장애인부모회 클럽   여가생활 및 체력증진 목표
볼링,,전북,익산시,비상동호인볼링클럽,청각장애,매주 화 14시,
볼링,,강원,태백시,태백농아인볼링동호회,청각장애,매주 월 오후 7시 30분,안녕하세요 태백시농아인볼링동호회입니다.
볼링,,대구,달서구,위저드볼링클럽,시각장애,매주 토 오전10시,시각장애인들의 재활과 사회참여를 목적으로 볼링을 통하여 친목을 도모합니다.
볼링,기타,전남,광양시,월드비씨볼링클럽,기타장애,매주 금요일 오후 2:00~4:00,광양시에서 활동하는 월드비씨볼링클럽입니다.
볼링,,경기,성남시,성남위너스,뇌병변장애,10:00~1200~10:30~13:30,클럽 가입합니다
볼링,,광주,광산구,빛고을광청,청각장애,매주 토요일 19:00~21:00,광주광역시 청각장애인 볼링클럽
볼링,,강원,동해시,동해일출B.C클럽,청각장애,매주 일요일 오후4시,농인과 청인이 함께하는 볼링
볼링,,강원,삼척시,삼척마인드볼링크럽,청각장애,매주 금 오후 6시 20분,
볼링,,서울,강서구,강서 마스터볼링동호회,지체장애,매주 토요일 오전 11시,"장애인, 비장애인 모두 가입을 환영하며 건강과 재활을 위한 운동을 통해 건전한 교류의 장이 되도록 노력하는 동호회입니다."
볼링,,충남,홍성군,미래로볼링 스포츠클럽,지체장애,"매주 화,목,금",
볼링,,경기,부천시,에이스볼링클럽,시각장애,매주 수요일 1시~3시,시각장애인 재활과 친목을 위해 활동하는 클럽입니다.
볼링,,경기,연천군,연천군로하스볼링클럽,시각장애,매주 화요일 오후2시,본 회는 볼링을 즐기는 동호인들의 친목도모 및 우호증진 그리고 경기도장애인체육 참여저변 확대를 목적으로 한다.
볼링,,강원,삼척시,원더플,시각장애,매주 목요일 1:30~3:30,
볼링,,경북,고령군,레인보우클럽,지체장애,매주 월 오후6시,볼링을 좋아하는 장애인 동호회입니다.
볼링,,전남,해남군,해남땡벌볼링클럽,지체장애,매주 토 오후 19:00,
볼링,,경남,김해시,해동이B.C.,청각장애,매주 토요일 오후5시,김해 농아인 볼링 동아리 입니다
볼링,,충북,영동군,2022 희망영동볼링클럽,지체장애,매주 목요일/ 오후2시~,충북 영동군장애인복지관 희망영동볼링클럽 입니다.  당사자 중심 및 자발적인 참여 활동으로 사회참여 기회를 확대하고 소속감을 높이고자 합니다.
사격,,충북,진천군,2022 진천군장애인사격클럽,기타장애,매주 토 오전10시,
사격,,경남,창원시,청죽회,지체장애,매주 금요일 오전 10시,오랜 역사를 자랑하는 창원시 사격동아리 청죽회는 17명의 회원이 항상 웃으며 생활하는 동아리로서 시격을 통한 장애인과 비장애인의 대화의 장으로 발전해 나가는 클럽입니다. 장애인의 희망과 비젼을 생활하는 우애있는 클럽입니다.
사격,,전북,장수군,2022 전북장애인생활체육 사격클럽(장수),기타장애,"매주수,토 14시",
사격,,경남,통영시,한우리사격동아리,지체장애,매주 수요일14시,한우리 사격동아리는 전문사격선수가 지도자로 있으며 휠체어 장애인들도 사격을 접하고 활동 할 수 있는 동아리이다. 장애인 사격선수를 발굴하고 낯선 사격이라는 종목을 해보며 성취감을 느낄 수 있다.
사격,,경남,김해시,장애인체육동아리(사격),지체장애,매주 목 오후1시,김해시에 사는 장애인 비장애인의 사격모임으로 활동하고 있으며 많은 참여 바랍니다.
사이클,템덤사이클,경기,하남시,러브하남사이클클럽,시각장애,매주 화요일 오후 2시,
사이클,자전거,경남,양산시,양산데프MTB클럽,청각장애,매주토요일오후10시,스포츠를 통하여 농아인의 체력 단련 및 사회 통합 도모
사이클,,경기,성남시,성남농인사이클클럽,청각장애,매주 토요일 오전 9시,
사이클,템덤사이클,경기,파주시,파주텐덤사이클,시각장애,매주 토 오전9~12시,
사이클,,경남,창녕군,장수자전거동아리,지체장애,매주 수요일 10시~16시,
사이클,핸드사이클,전남,광양시,광양시휠체어사이클클럽,지체장애,"매주 화,수 오후13시",장애인의 생활체육 참여를 유도하고 도서?산간지역 등 소외지역 체육 발전과 비활성화 종목 육성 등 장애인들의 생활체육 저변확대 및 여건 조성을 목적으로 한다.
수영,,경남,함양군,물레방아,지체장애,매주목요일2시,
수영,,서울,노원구,노원수영사랑,기타장애,"매주 월,수,금  오후 3시",장애인 생활 체육인 수영 운동을 통해 동호인 간의 상호 친목과   장애인 생활 체육 참여 확대 및 활성화를 추구하며  건전한 장애인 생활 정착과 여가 선용을 하여 심신을   건강하게 만드는데 목적으로 삼는 수영 운동 클럽입니다..
수영,,제주,제주시,한라장애인수영동호회,기타장애,"매주 토, 일 오후6시",
수영,,경기,부천시,부천시장애인수영클럽,기타장애,"매주 화, 목 오후 2시~4시",안녕하세요~^^  장애인에게 수영이라는 생활체육을 통해 재활치료 및 기초체력은 물론 매주 정기적인 활동을 통해 함께 수영 대회도  참여하고 건강하고 즐거운 생활을 공유하는 수영 클럽입니다.
수영,,충남,천안시,(기금)천안시 지역형 공공스포츠클럽,지체장애,매주 월~토(주말 또는 야간),- 필라테스/요가/헬스 매주 월 18:30~20:00  - 체력증진 매주 화 18:30~20:00  - 스마트 사이클 월~금 9:00~20:00  - 휠체어 유산소 월~금 9:00~20:00  - 농구 매주 토 13:30~15:00  - 축구 매주 토 10:00~11:30  - 수영 매주 토 10:00~11:30  - e스포츠 매주 화 15:30~16:30
수영,,제주,서귀포시,헤어미수영동호회,지적장애,"매주 토,일 오후 5시",
수영,,서울,양천구,파워양천수영클럽,지체장애,매주 화.목.토 19:00,지체.지적.시각 등 여러 유형의 성인 장애인들로 구성되어 매주 화. 목. 토  19:00 양천구민체육센터 수영장 3개의 레인을 사용하고 있습니다.
수영,,경남,김해시,해동이수영동호회,지체장애,"월,화,목,금 오후1시",해동이스포츠센터에서 지체장애인과 지적장애인들을 대상으로 수영수업을 통해서 화합의 장을 마련하고 있습니다.  특히 올해 하반기에 개최되는 전국어울림생활체육대축전과 경남장애인생활체육대회에 참가를 적극 동참하려고 합니다.
수영,,제주,제주시,사라장애인수영동호인클럽,지체장애,"매주  토, 일 오후6시",
수영,,광주,서구,한마음 동호인클럽,지체장애,매주 월. 수. 금 오후2시,장애인 수영을 같이 어울리며 즐겁게 수영을  배우고자 하신 분은 모두 환영합니다.
수영,,충남,서산시,서산돌핀수영교실,지적장애,"화,목 18시",
수영,,강원,인제군,중증장애인 임마누엘집 수영 동호회클럽,지적장애,"매주 금요일, 14시~16시",임마누엘집 수영 동호회클럽입니다.
수영,,경남,산청군,산청군시각장애인수영동아리,시각장애,매주 수 10시,
수영,,광주,서구,수영사랑 동호인클럽,지적장애,매주 화. 목. 금 오후3시,장애인 수영을 같이 어울리며 즐겁게 수영을  배우고자 하신 분은 모두 환영합니다.
수영,,서울,강북구,강북장애인수영동호회,지체장애,"매주화,목 오후4시",건전한 장애인 생활체육 정착과 여가선양을 통해 심신건강을 목적으로 함
수영,,제주,제주시,아이돌핀스수영클럽,지적장애,"매주 토,일 오후6시",아이돌핀스 수영클럽은 (사)한국자폐인 사랑협회 제주지부의 수영동호인 클럽입니다.  발달장애가 있는 학생들의 안전하고 행복한 수영스포츠 환경을 만들어 누리고 있습니다.
수영,,경남,양산시,마린보이(수영),지적장애,매주 월요일 오후 4시,"저희 마린보이(수영)는 2019년 11월 15일 지적 장애인 8명,자폐 장애인 7명 총 15명으로  생성되었다  양산 장애인 복지관과 양산국민체육센터와의 협업으로 많은 도움을 받으며 발전하는 동아리 클럽입니다"
수영,,제주,제주시,무리조아수영동호인클럽,지적장애,"매주 토,일",
수영,,서울,강동구,SEAOTTER(씨어터)수영클럽,시각장애,매주 토요일 12:00~14:00,
수영,,제주,제주시,니모수영동호회,지적장애,"매주 토,일 10시",
수영,,경기,구리시,오리수영클럽,지적장애,매주 목요일 17:00-18:00,
수영,,제주,제주시,수드림수영동호회,지적장애,"매주 토,일 오전 9시",
슐런,,경남,창원시진해구,손사랑슐런동아리,청각장애,매주 수 오전 10시,경남 창원시 진해지역 청각언어 장애인 슐런 동아리입니다
슐런,,충남,서산시,슐런생활연구소,지적장애,매주 화 13:00,
슐런,,대전,중구,호크아이 대전슐런,지적장애,"매주 월,화,목,금 9:30분~14시",슐런자조모임 활성화로 매주 월요일 오후2:00시와 평일 월화목금 오전9:30~14:00시까지 활성화된 클럽입니다.  대전 거주 장애인이면 누구 참여 가능합니다.
슐런,,경기,고양시,고양시 탄현장애인 슐런클럽,지적장애,매주 수요일 오후 2시,"탄현 장애인 슐런클럽은 조은나무 조은열매 장애인 스포츠 활동지원센터의 소속 회원으로 매주 정기적으로 슐런을 통해 장애인들과 서로 협동심및,사회 적응하느 일부의 스포츠 활동하는 클럽입니다."
슐런,,충남,예산군,예산농아인슐런클럽,청각장애,매주 금요일 오후 2시,매주 금요일 오후2시부터 4시까지 예산해봄센터에서 진행되는 예산군농아인슐런클럽입니다.
슐런,,경기,하남시,하남데프 슐런클럽,청각장애,매주 화요일 오후 1시,하남시에 거주중인 청각장애인들과 생활체육슐런을 함께함으로 체력증진과 수어로 소통하면서 소속감을 높일 수 있음
슐런,,경남,하동군,Deaf푸쉬,청각장애,매주 화요일 9시,
슐런,,충남,서산시,지장협스포츠클럽,지체장애,매주 수 14:00,
슐런,,전북,부안군,부안군장애인체육회 세젤빛우,기타장애,"매주 월,금",
슐런,,경남,거제시,거제DEAF슐런클럽,청각장애,"매주 수,금 오후2시","안녕하세요.  거제DEAF슐런클럽입니다.  남녀노소가 쉽게 즐길 수 있는 슐런을 함께 활동할 동호회원들을  아래와 같이 모집하오니, 관심 있는 분들의 많은 참여 바랍니다^^"
슐런,,경남,합천군,합천농아인슐런클럽,청각장애,매주 수 오후 1시,슐런을 널리 보급하여 청각·언어장애인의 체력을 향상케 하며 우수한 선수를 양성한다. 또한  청각·언어장애인의 생활체육 진흥을 위한 각종 사업을 실시함으로써 청각·언어장애인의 건강증진 및 건전한 여가생활을 도모한다.
슐런,,충남,서산시,장위모슐런클럽,지체장애,매주 월 13시30분,
슐런,골프,경남,창원시진해구,드림슐런클럽,기타장애,매주 토.일  1215,드림슐런클럽은 중증 근육장애인 외 중증장애인 으로 구성되있으며 현재 의창구 창원시 북면에서 보드하나로 매주 토~일요일 모임을 하는 동아리입니다.  중증 분들의 많은 참여를 기다립니다.
슐런,,강원,동해시,동해농아인지회,청각장애,매주월 오후3시,"체육 활동을 통하여 건강을 증진시키고, 회원들간의 친목을 도모하고 긍정적이고 진취적인 생활을 지향할 목적으로 클럽을 구성하였다"
슐런,,경남,창원시,마산농아인슐런클럽,청각장애,매주 수요일 오후 2시,
슐런,,충남,서산시,신장복슐런클럽,지체장애,금요일 15시,
슐런,,충북,청주시,2022 청원슐런동호회,지적장애,매주 월요일 오후 2~4시,충북 청원구에 거주하는 장애인과 비장애인의 건강과 화합을 위한 슐런기구를 활용한 어울림 동호회
슐런,,강원,고성군,고성농아인슐런,청각장애,매주 수 오후 3시,
슐런,,충남,논산시,(기금)논산시장애인슐런클럽,청각장애,매주 금 10:00~12:00,안녕하세요 논산시장애인슐런클럽입니다!!^^
슐런,,강원,정선군,강원도 정선군 청각장애인 슐런클럽,청각장애,매주 목 오후 2시,안녕하세요 정선군 청각장애인 슐럽클럽 입니다.
슐런,,경남,밀양시,밀농슐런클럽,청각장애,매주 수요일 오전 9시 30분,
슐런,,충북,증평군,2022 증평군장애인슐런클럽,청각장애,"매주 수,금 오전 10시30분",증평군 장애인슐럽클럽
슐런,,경남,김해시,김해시척수장애인슐런클럽,지체장애,"매주 토, 오후 1시 ~ 6시",
슐런,,대구,동구,동구장애인슐런클럽,지체장애,매주 수 오후2시,동구 장애인들을 위한 슐런 클럽입니다.
슐런,등산,충남,천안시,(시비)천안데프가온누리클럽,청각장애,매주 화 13:00/금 10:00/토 10:00,
슐런,,충남,공주시,(기금)2022년 신바람 슐런 동호회,청각장애,매주 화 오후2시,
슐런,,경북,경산시,경상북도장애인슐런협회,기타장애,매일 오후 2시,
슐런,,대구,달서구,성인장애인달구벌슐런클럽,지체장애,매주 화요일 10:00~11:00,누구나 참여할수있는 슐런클럽입니다.   많은 관심부탁드립니다.
슐런,,경남,거창군,거창다모아슐런동호회,청각장애,매주 수 오전10시,
슐런,,경남,창원시,경남장애인슐런동호회,지체장애,"매주 둘째, 넷째 토 13:00~18:00","슐런을 사랑하고, 함께 모이며, 함께 즐기며, 함께 공유하며,  장애인과 비장애인이 함께 공유할 수 있는     공간을 만드데 목적을 두는 동호회이다."
슐런,,경기,안산시단원구,안산시둥굴이슐런협회,지체장애,매주화오후1시,안산시 휠체어 타시는 분과 그외 쟝애인들의 어울림 모임임.
슐런,,강원,태백시,사)강원도농아인협회태백시지회,청각장애,매주 월 오후 2시,안녕하세요 태백시농아인슐런동호인클럽입니다
슐런,,경남,김해시,김해장애인슐런클럽,지체장애,"매주 화, 금 오후 1시 ~ 6시",? 장애인과 비장애인이 함께하는 어울림 생활체육
슐런,,서울,강서구,강서 누리장애인슐런클럽,지체장애,매주 금요일 오전 10시,장애인들에게 맞는 운동으로 실내서 서로 마음을 나눌 수 있는 작지만 큰 역활 할 거 같은 슐런 종목을 만나게 되므로 다소 몸과 마음으로 힘든 장애인들에게 즐거움과 자신감을 부여하는 슐런 종목이다 라고~ 많은 분들이 알고 장애인 비장애를 떠나 좋은 종목을 알림과 서로에게 힘이되고 도움되는 반가운 만남의 슐런 종목 이기를 원 합니다. 오래동안 체육회의 도움으로 운동을 하며 좋은 정보와 나눔을 위해 많은 지도와 편달 바랍니다.
슐런,,경남,진주시,진농슐런회,청각장애,수 오후 2시,
슐런,,경남,통영시,청각ㆍ언어어르신슐런동호회,청각장애,주 1회,통영시 청각ㆍ언어장애 어르신들의 친목을 위한 슐런 클럽입니다.
슐런,,경기,안양시,경기도슐런클럽,비장애인,"매주 월,토요일","경기도장애인슐런협회에 소속된  경기도슐런클럽입니다. 도내 남여노소,장애인,비장애인 어울림 클럽입니다."
슐런,,경남,창원시성산구,어울림농인슐런동호회,청각장애,매주 월 오전10,창원시창원농인
슐런,,충북,충주시,2022 한마음슐런클럽,뇌병변장애,월 오후 2시,
슐런,,서울,노원구,서울시각장애인 슐런 동호회(서울시각스포츠연맹),시각장애,매주 목 11시,서울시 시각장애인 슐런 동호회클럽
스키,,서울,송파구,송파구 사랑탑컵동호회,뇌병변장애,매주 금요일 오후 3시,장애인들의 정신 건강 증진을 위한 동호회
승마,,경기,성남시분당구,두드림통합승마클럽,지적장애,매주 금 오전10~12시,발달장애인과 비장애인이 소속되어 있는 승마통합클럽입니다.
승마,,세종,,세종어울림승마클럽,기타장애,매주 일요일,
승마,,경남,창원시,창원두레원승마클럽,지적장애,매월 넷째주 금 오전 10시,경남 장애인의 승마 체험 활동 지원 및 연계
승마,,전북,군산시,2022년 전북장애인생활체육 피터팬승마클럽(군산),지체장애,매주 금 10:30~11:30,
아이스슬레지하키,,충남,아산시,(도비)아산스마트라이노 아이스슬레이지하키클럽,지체장애,매주 목 21:30~23:30,
야구소프트볼,,경남,사천시,경남휠다이노스,지체장애,"매주 화,금 오후13시30분",
야구소프트볼,,대구,중구,대구휠라이온즈소프트볼클럽,지체장애,매주 일 오후2~4시,"최고 인기종목인 야구를 휠체어타고서 직접 할수 있고, 남여 노소 장애 비장애 누구나 함께 참여 가능합니다 ~^^"
야구소프트볼,야구,서울,광진구,코리아장애인야구클럽,지체장애,매주 토 오후12시,"대한민국 최초의 지체장애인야구단인 코리아장애인야구단은 장애인들의 산실인 정립회관을 기반으로 장애인들과 비장애인이 어우려져 함께할수 있는 야구단입니다.  장애,비장애를 떠나서 누구나 참여할 수 있는 야구단이며 야구에 대한 열정을 가지고 있으면 실력의 상 하 여부와 상관없이 함께 할수 있는 코리아장애인야구단입니다."
야구소프트볼,야구,서울,중랑구,대한장애인야구클럽,지체장애,매주 토 오후2시,"안녕하세요.   장애인에게 다소 비활성화된 야구에 대한 열정으로 비장애인과 함께 사회인야구 리그에 참여하여 비장애인과의   생활체육 교류를 통하여 장애인들에 대한 인식 변화의 계기를 마련하고, 경증 및 중증 장애인들로 구성하여   매주 정기적인 야외 활동을 통해서 기초체력은 물론 장애인 야구의 대중화에 선도적인 클럽입니다."
양궁,,전남,담양군,혜림양궁클럽,지적장애,"매주화, 오후2시","장애인의 신체적,정신적 건강증진을 위한 야외 스포츠클럽"
양궁,,전남,광양시,광양시장애인양궁클럽,지체장애,"매주 수,금 10~12시",본 클럽은 장애인 양궁을 배우고 싶고 좋아하는 사람들의 모임으로 클럽 활동을 통해 친목 도모와 양궁 기초자세 체력증진 프로그램 참여 활동을 통해 각종 대회 참여로 참여자들의 성취욕과 자기 목표를 성취할 수 있는 양궁 스포츠클럽 환경을 만들며 가고자 한다.
역도,헬스,부산,해운대구,두빛나래역도동호회,지체장애,"매주월 오후7시, 토요일오후1시",장애를 편견으로 생각하고 좀더 멋진 인생 자신감넘치는 삶으로 근육운동과 코어운동으로   장애인역도 벤치프레스를 기반으로 근육운동 및 코어운동   헬스로 몸짱이 되고싶은 여러 장애우를 모십니다.
역도,,서울,노원구,노원 뽀빠이역도클럽,지체장애,"매주 월, 목 오전 10:00~11:30",
역도,,광주,서구,광주빛고을역도클럽,지체장애,"매주 월,수 오후 2시","광주장애인 생활체육활동을 통해 참여자의 체력증진 및  참여자 욕구 충족, 긍정적인  사고 형성, 원만한 대인관계형성에 기여함을 목적으로 합니다."
역도,,충남,계룡시,(도비)계룡시장애인 역도클럽,지적장애,매주 수 14:00~15:00,
역도,,충남,보령시,정심역도클럽,지적장애,매주 금 오후 15시 30분,안녕하세요. 저희는 지적장애인을 대상으로 하는 정심역도클럽입니다.
요트,,경남,김해시,경남장애인요트 김해시지부,지체장애,매주토요일 오후2시,
육상,,충남,당진시,(도비)당진장애인육상클럽,지적장애,"매주 화, 오후6시",
육상,기타,경남,밀양시,느티나무토요걷기,지적장애,매주 토요일 오전9시,느티나무 토요걷기클럽은 발달장애인과 보호자가 매주 토요일 오전 시간을 이용하여 전문걷기 지도자의 지도를 받아 5~10km 정도의 다양한 코스를 걸으며 친목과 건강을 다지고 있습니다
육상,,충남,금산군,(군비)2022 금산군 육상 어울림 동호회,지체장애,"매주 화,목 오후 2시30분",
육상,,서울,동작구,한국시각장애인마라톤클럽,시각장애,매주 토 오전 9시,
조정,,서울,성북구,성부구 씽씽레이스 조정클럽,지체장애,매주 화 오후1~3시,(사)성북구장애인단체연합회 장애인과 비장애인이 어울림 동호회 모임을 결성하여 건강한 생활과 유대관계를 유지하고자 결성하였음. 가자~씽씽 레이스
조정,,충남,서산시,장애인복지관조정클럽,지적장애,목요일 13시,
축구,,경남,창녕군,창녕슈퍼스타,지적장애,격주 토 오전 10시,
축구,,충남,서산시,서장축fc,지체장애,매주 화 19시,
축구,,전북,익산시,새소망어울림 축구동호회,지적장애,매주 수금 10시,
축구,풋살,충남,계룡시,(도비)계룡시 장애인 풋살클럽,지적장애,매주 토 10:00~11:00,
축구,,충남,금산군,(군비) 2022 금산군 어울림 풋살 동호회,지체장애,"매주 토,일 오전8시",시각장애인축구 B1 5인제 축구동호회 입니다.
축구,,서울,송파구,프라미스랜드 시각축구클럽,시각장애,격주 토 13시~17시,
축구,,충남,서천군,(기금) 2022년 성도원 풋살클럽,지적장애,"매주 수, 오후 3시",스포츠를 통하여 농아인의 체력 단력 및 사회 통합 도모
축구,,경남,통영시,통영이순신FC,지적장애,매주 목 19:00~21:00,&apos;울산TOP&apos;는 중증 뇌병변 장애인들이 결성한 울산에 유일한 전동휠체어 축구 자조모임입니다.  전동휠체어 축구는 특수 제작한 풋 가드를 전동휠체어에 장착하여 큰 공을 몰고 상대팀의 골 라인으로 차는 경기입니다.
축구,,경남,창원시,창원농아FC클럽,청각장애,매주  토요일 오후 6시,신안군 압해읍 지적장애인 거주시설 및 이용인들의 풋살동호인 클럽입니다
축구,,충남,당진시,(도비)블루드래곤축구클럽,지적장애,매주토요일 오후1시,
축구,,서울,성북구,성북구 다함풋살 클럽,기타장애,매주 월요일 오후 2시,
축구,,전북,부안군,2022 전북장애인생활체육 풋살동호회(부안),기타장애,"수,토 14:00-15:00",
축구,,충남,당진시,(도비)언더독축구클럽,청각장애,매주 토요일 오후4시,
축구,,부산,동래구,부산Dynamic F.C,지적장애,매주 토요일 오후4시,
축구,,서울,송파구,송파구 F.C HOLYLAND축구클럽(홀리랜드),지적장애,매주 토 오후2시,발달장애인청소년과 성인들의 체력 단련과 협력을 바탕으로 건전한 문화를 조성하여 대인 관계 향상 및 사회성 증진을  통한 지역사회에서 삶의 질을 높이며 축구 단체의 발전과 육성에 기여한다.
축구,풋살,충남,공주시,(도비)B·NUFC풋살동호회,지적장애,매주 목 오전 10시20분,스포츠를 통하여 농아인의 체력 단력 및 사회통합 도모
축구,,경기,남양주시,남양주FC,지적장애,"매주 토(오전9시), 일(오후3시)",대전 시각장애인(전맹부) 축구동호회 입니다.
축구,,서울,송파구,서울시농아인축구협회(서울셀로나축구단),청각장애,일 오후 2시~5시,
축구,,울산,북구,울산TOP,뇌병변장애,매주 금 오후 2시~4시,
축구,뉴스포츠,경기,안성시,안성SKYFC유소년축구클럽,지적장애,매주토요일 12시30분,
축구,,대전,서구,한마음BFC,시각장애,"매주 월, 금 오후 2시",
축구,,경기,용인시수지구,아이비전통합축구클럽,지적장애,매주토요일 오후 12시30분,통영에서 유일무이한 장애인과 비장애인이 함께하는 통합스포츠단 입니다.
축구,,경남,남해군,화전FC,지적장애,매주 토요일,
축구,풋살,전남,영암군,소림풋살클럽,지적장애,"화,수 3시30",
축구,,전남,신안군,힘차게발로차,지적장애,"매주 토요일, 14:00~15:00",
축구,,경남,양산시,양산이글스축구클럽,청각장애,매주토오후6시,
컬링,,경기,용인시,용인시장애인컬링클럽,지체장애,"매주 토,일 오후 4시",함께 어울릴 수 있는 생활체육을 통해 이해하고 소통하는 관계로 발전하고  장애인체육 인식개선을 위해 노력하며 활동을 함.
컬링,,강원,춘천시,강원도 농아인컬링 동호회,청각장애,매주 토요일 오전 10시,본 클럽은 강원도내 청각장애인들의 동계종목 보급과 생활체육 활성화 및 장애인 체육 인식개선으로 활동 함
컬링,,부산,금정구,부산해머컬링클럽,지체장애,전지훈련3회이상(3박4일),"아직은 전용 컬링장이 없어 전지훈련(강릉,의정부,의성)으로 실력을 향상시키고 있으나 곧 해운대 한마음스포츠센터에 컬링장이 생기면 매일 할 수 있는 여건이 됩니다. 많은 분들이 함께하면 좋겠습니다."
컬링,,서울,마포구,마포 뉴에이지 컬링클럽,지체장애,매주 금 오후 2시,함께 어울릴 수 있는 생활체육을 통해 이해하고 소통하는 관계로 발전하고    장애인체육 인식개선을 위해 노력하며 활동을 함.
탁구,,경기,수원시,수원시장애인복지관탁구클럽,지체장애,09~18시까지,
탁구,,경기,부천시,부천스마트탁구동호회,지체장애,"매주 월,수,금 09시~17시",활력과 사랑이 넘치는 탁구 클럽 입니다.
탁구,,광주,남구,무등산시각탁구동호인클럽,시각장애,"매주 수,금 오전10시",최고보단 최선을 다하는 열정있는 무등산 시각 탁구 동호인클럽입니다~!
탁구,,충북,음성군,2022 음성군장애인탁구동호회,지체장애,매주 화요일 10:00,음성군장애인복지관을 이용하는 장애인 탁구동호회 입니다.
탁구,,서울,노원구,노원 평화어울림탁구클럽,지체장애,"월,수 오후12시",장애인탁구클럽
탁구,,경기,시흥시,시흥시스카이탁구클럽,지체장애,"매주 화,목,토 오후 2시",높고 넓은 창공을 향해 나래를 펼치는 장애인과 비장애인이 어울리는 탁구클럽입니다.
탁구,,서울,양천구,양천 해누리 탁구클럽,지체장애,매주 월 화 목 금 오후 1시 - 오후 6시,"오랜 역사와 전통을 가진 서울에서 손꼽히는 클럽입니다. 장애를 가지고 탁구를 좋아하고 같이 어울려 생활하는 것을 즐깁니다. 또한 국가대표도 여러명 배출하였고, 전국체전 서울시 대표도 5-6명이 활동하며 어울려 활동하는 클럽입니다. 언제든지 찿아와 같이 클럽활동하기를 바랍니다."
탁구,,충남,금산군,2022 한마음탁구,지체장애,"매주 화,목 10시 / 일 14시",
탁구,,경기,화성시,아르딤복지관탁구동호회,지체장애,매주 수13:00-15:30,아르딤복지관탁구동호회는 항상 웃음과 미소가 절로 지어지게 하는 가족 같은 분위기로 즐거운 생활을 하고 있습니다.
탁구,,부산,영도구,이글스탁구동호회,지체장애,"매주 화,목14시~17시",스피드한 탁구 운동을 하며 몽과 마음의 건강 향상을 위한 모임
탁구,,대구,달서구,티키타카 탁구클럽,지체장애,매주 수 10시,지체장애인협회 달서구지회에서 함께하는 탁구클럽입니다.
탁구,,경기,의정부시,천보장애인탁구클럽,기타장애,매주 목요일 13시,
탁구,,충남,공주시,2022년 핑핑퐁퐁 탁구 동호회,지체장애,매주 수 오후6시,
탁구,,충북,제천시,2022 드림데프 탁구클럽,청각장애,매주 일요일 오후1시~3시,
탁구,,충남,공주시,2022년 공주시 탁구선수,기타장애,매주 수 오후 6시,2022년 공주시 생활체육 탁구 선수들을 위한 클럽입니다.
탁구,,경남,창원시마산회원구,경남장애인새봄회탁구동호회클럽,지체장애,"매주 월,화,수,목,금 오후 2시",
탁구,,경남,창원시성산구,미생탁구동호회,지체장애,목 오후 3시30분,
탁구,,경기,이천시,이천시장애인탁구동아리,기타장애,매주 목요일 오후 1시,"장애인과 비장애인과 만남 및 소통의 장을 마련하여 꾸준히 장애인들의 개인 건강을 유지하면서, 늘 긍정의 마음을 갖고 적극적인 생활을 할 수 있는 계기를 마련해 준다."
탁구,,대구,달서구,대구보훈스포츠탁구클럽,지체장애,"매주 월,수,금 오후2시",대구에서 가장 오래되었고 많은 올림픽대표들을 배출한 어울림탁구클럽임
탁구,,경기,부천시,해피탁구클럽,지체장애,"매주 월,수,금 11시~오후4시",탁구를 통해서 장애인들의 재활을 이루어가고 사회 참여활동에 적극적으로 참여하는 멋진 이들의 모임입니다.
탁구,,충북,충주시,2022 충주시각탁구클럽,시각장애,"매주 월,수 9시~11시30분",
탁구,,경기,광명시,광명시장애인나래탁구클럽,지체장애,"매주 화, 목 오후 2시","광명시지역 중등장애인의 탁구 생활체육의 활성화를 위해 만들어졌으며, 활동하고 있습니다."
탁구,,광주,남구,LPG탁구클럽,지체장애,"매주 화,수,목 오전10시~오후4시",장애인/비장애인 누구나 함께 어울림과 공감할 수 있는 클럽
탁구,,충남,아산시,아산 더 이룸 탁구틀럽,지체장애,화.수.목.금,아산에서 활동하는 이룸 탁구클럽은 탁구를 좋아하는 여러 유형의 장 애인이 모여서 재활과  친목을 다지며 서로 함게 탁구를 하는 클럽 입니다.  탁구를 좋와하는 장애인 분이라면 언제든지 저히 클럽으로 오세요.  언제든 환영 합니다.
탁구,,경남,산청군,산청군시각장애인탁구동아리,시각장애,매주 월 10시,
탁구,,광주,서구,가온탁구클럽,지체장애,"매주 월,수,토 오전10시-오후4시","탁구를 사랑하는 사람(장애인,비장애인,남,여,노,소)이면 누구나 함께 참여할 수 있습니다."
탁구,,경기,안산시단원구,상록어울림탁구회,지체장애,"매주 화, 목 12:30",안산시 사동에 소재한 상록장애인복지관에서 경기도 일대 거주하고 탁구를 사랑하고 탁구를 통하여 장애인과 비장애인이 함께 어울려 상호간의 이해와 친목을 도모하고 건강한 정신과 강인한 체력을 함양하여 이웃 사랑과 지역발전에 일조함을 목적으로 하는 동아리 모임입니다.
탁구,,광주,동구,행복탁구동아리,지적장애,"매주 수, 금 10시 ~12시",
탁구,,광주,남구,달뫼탁구클럽,기타장애,매주 화 오후 3시30분,광주광역시남구장애인복지관 달뫼탁구클럽
탁구,,부산,동래구,충렬탁구클럽,비장애인,"매주 월,화,수,목,금,토,일 오후1시","충렬탁구클럽은 장애자, 비장애자가 함께 초등학생부터 성인까지 탁구운동을 하고있는 탁구동호회입니다"
탁구,,충북,진천군,2022 진천장애인탁구동호회,지체장애,매주 화 오전10,2006년부터 진천군내에서 장애인탁구클럽을 활동해오고 있습니다.  지체 뇌병변 지적장애등 여러회원들이 즐겁게 탁구를 즐기고 있습니다.
탁구,,부산,사상구,신나는탁구클럽,지체장애,"매주 월,화,목,금 오전10",부산 사상구에서 활동하고있는 생활체육동호회 신나는탁구클럽 김갑진 입니다.  잘부탁드립니다!
탁구,,경기,수원시,서호장애인탁구클럽,지체장애,"매주 월,화,수,목,금 12시",
탁구,,충북,충주시,2022 장애인탁구레슨클럽,지체장애,"매주월,목 오후1시",
탁구,,경남,양산시,올탁구나!,지적장애,매주 화요일 오후 4시,올~탁구나! 하루종일 탁구 생각 올데이 탁구
탁구,,충남,당진시,(도비)참사랑탁구클럽,기타장애,매주금요일 오전10시,
탁구,,경기,용인시,용인IL탁구동호회,지체장애,매주화목 오전9시,
탁구,,경남,남해군,보물섬 탁구단,지적장애,매주 목요일,
탁구,,충남,예산군,(대회)2022년 한사랑탁구클럽,지체장애,"매주 월, 목 14:00~15:00",예산군장애인탁구클럽입니다.
탁구,,경남,양산시,꿈이룸,지적장애,매주 월요일 오후4시,
탁구,,충남,부여군,부여탁구교실,시각장애,매주 목 13시,
탁구,,경남,남해군,샬롬동호회,지체장애,매주 월 -금 오후 2시,지역 장애인의 여가 활동및 장애인탁구 저변확대를 위한 모임
탁구,,서울,마포구,마포구 어르신 스매싱탁구클럽,지체장애,매주 수요일 10시,○ 생활체육을 통한 건강 및 체력 증진.  ○ 어르장애인의 문화여가 생활로  삶의 질 향상을 도모.  ○ 지역 장애인의 화합과 친목 교류.
탁구,,서울,강서구,강서장애인탁구클럽,지체장애,매주 목. 토  오전 10시~12시,저희 클럽은 장애인들이 모여서 탁구라는 종목으로 회원들간의 친목을 도모하고 실력향상에 목표를 두고 열심히 활동하는 클럽입니다.
탁구,,경기,용인시,용인시 파워핑퐁 탁구동호회,지체장애,"매주 토, 오전10시",
탁구,,부산,기장군,정관동행탁구클럽,지체장애,"매주 화,수,목,금,토 오전10시",지체장애인과 비장애인이 함께 하는 동행탁구클럽으로  운동을 통한 심신의 재활과 장애 인식 개선을 목적으로 함
탁구,,세종,NULL,늘푸른 탁구클럽,기타장애,매주 목 18시,
탁구,,충남,태안군,(대회)태안군 장애인 탁구클럽,지체장애,매주 월 15:00,태안군 장애인 탁구클럽
탁구,,충남,천안시,(시비)시각장애인스포츠클럽(탁구),시각장애,매주 금 9시 30분,능수버들 시각탁구 동호회
탁구,,경기,과천시,과천시장애인탁구클럽,지체장애,매주 토요일 오후2시,
탁구,,충남,서산시,(시비)서산시장애인체육회탁구,시각장애,매주 목 오후1시~3시,
탁구,,경기,포천시,첼린지핑퐁클럽,지적장애,매주 목 10시 ~12시,장애인과 비장애인이 함께 어울려 탁구경기를 진행하면서 친목도모 및 체력증진 같이 함께함.
탁구,,경기,의정부시,블루라이트,지적장애,"매주 목, 금 3시","지적장애인들로 구성된 탁구클럽입니다. 지적장애인들 간의 탁구 기능 훈련 및 상호작용, 사회성 향상을 목표로 연습하고 있습니다."
탁구,,경기,용인시,용인IL탁구동호회,기타장애,매주화목 오전9시,
탁구,,충북,청주시,2022 휠체어탁구사랑동호회,지체장애,매주화 오후14~17시,
탁구,,충남,계룡시,(도비) 계룡시장애인 꽃보다 핑퐁 탁구클럽,지체장애,매주 목 14:00~17:00,
탁구,,경기,부천시,부천시장애인카리스탁구동호회,지체장애,"매주 월,수,금 11시~16시",누구나 대환영
탁구,,부산,남구,평화복지탁구클럽,기타장애,"목, 금 13:30~15:30",
탁구,,경기,수원시,수원장애인탁구클럽,지체장애,매주 월~토 오전9시,
탁구,,경기,성남시,아이랑탁구클럽,지적장애,매주 금요일 오후4시,성남에서 활동하는 발달장애인 탁구클럽입니다
탁구,,경남,창녕군,내담탁구 동호회,지체장애,매주 월.수.금 10:00-12:00,
탁구,,전북,장수군,2022 전북장애인생활체육 탁구클럽(장수),기타장애,"매주 화,목 17시",
탁구,,서울,성북구,성북구 호순이 탁구클럽,기타장애,매주 수 오후1시30분,
탁구,,경기,시흥시,시흥시임팩트탁구클럽,지체장애,"매주 월,수 오후2시",
탁구,,강원,홍천군,장애인어울림너브내탁구클럽,지체장애,매주 목요일 오후1시30분,
탁구,기타,부산,연제구,올탁구나 탁구교실,기타장애,매주 수요일 오후 3시,
탁구,,대구,달서구,달구벌탁구클럽,지체장애,"매주 월,수,금 오후 1시-5시",장애인과 비장애인이 함께하는 탁구클럽입니다.
탁구,,충남,논산시,(도비)논산시장애인탁구클럽,지적장애,매주 목 16:00~18:00,논산시장애인탁구클럽입니다!
탁구,,충북,영동군,2022 희망영동탁구클럽,지체장애,매주 월요일/ 오후1시,충북 영동군장애인복지관 희망영동탁구클럽 입니다.  당사자 중심 및 자발적인 참여 활동으로 사회참여 기회를 확대하고 소속감을 높이고자 합니다.
탁구,,충남,천안시,(도비)참좋은탁구클럽,지체장애,매주 월/수/금 13:00~17:00,
탁구,,충남,천안시,(도비)셀러브리티탁구스포츠클럽,지체장애,매주 목 14:00~15:00,
탁구,,충남,홍성군,미래로탁구스포츠클럽,지체장애,"매주 월, 화, 목",
탁구,,대구,수성구,대구장애인종합복지관탁구클럽,지체장애,매주/월-금 오후1시,장애 비장애인이 함께 어울려서 즐겁게 운동하는 클럽
탁구,,경남,하동군,하동탁구공소리,시각장애,매주 월 오전10~오후 3시,
탁구,,경남,양산시,양산시퐁돌이탁구동아리,지체장애,매주  화 오후 6시,장애인과 비장애인이 함께 운동하는 단체입니다.
탁구,,경기,구리시,구리탁구클럽,지체장애,매주 화요일 9:30~10:30,
탁구,,제주,제주시,제주등대탁구클럽,지체장애,매주 월 금 오전 9시,"저희 제주등대탁구클럽은 지체장애인은 물론 장애의 종류와 정도에 구분없이 탁구를 사랑하고 관심이 있는 모든 장애인에게 열려있는 클럽입니다. 장애인의 친목도모는 물론 신체적, 정신적 건강 증진에 노력하며 다함께 더불어 사는 사회를 만든다는 클럽신조답게 비장애인 회원도 가입이 가능한 클럽입니다.  또한 탁구사랑이라는 공통된 마음으로 대한민국 장애인 탁구의 향상에도 노력하고 있습니다."
탁구,뉴스포츠,부산,연제구,곰두리좌식탁구클럽,지체장애,"매주 월,금 오후 4시~","ㅇ 2011년 7월 5일 곰두리좌식탁구클럽(동호회) 창단.  ㅇ 생활체육의 새로운 종목(좌식탁구)으로 활동함.  ㅇ 장애인.비장애인 남,여 동등한 조건에서 활동함.  ㅇ 월 1회, 일주일에 2회에 걸쳐 클럽(동호회) 활동."
탁구,,대구,달서구,신나는탁구클럽,지체장애,"월,수,금 오후 1~3시30분",신나는탁구클럽은 대구에 거주하는 장애인비장애인이 함께모여 운동하는 탁구동호회  입니다
탁구,,서울,강북구,강북구 장애인 탁구동호인클럽(강장탁),지체장애,매주월수 오전10시,강북구 지역의 장애인 탁구 동호인들의 모임
탁구,,전남,여수시,여수시장애인 다바다 탁구클럽,지체장애,매주 월 오후3시,생활체육 탁구를 통해 장애인과 비장애인의 어울림으로 건강증진 및 삶의 질 향상
탁구,,경기,광주시,해피핑퐁클럽,시각장애,매주 화요일 오후 4시,광주시 장애인들이 모여 탁구로 건강증진과 여가생활을 즐기기 위한 클럽입니다.
탁구,,서울,영등포구,영등포 장애인탁구클럽(영탁클럽),지체장애,"매주 화,목 토 오전10시","영탁탁구 클럽은 2019년 5월9일  탁구를 사랑하는 영등포구  장애인들이 함께 운동하며 시작하여 현재 30명의 회원과 준회원10명이 함께 모여 매주 화,목,토 함께 운동하는 모임입니다"
탁구,,전북,부안군,2022 전북장애인생활체육 탁구동호회(부안),기타장애,"화,목 10:00-12:00",
탁구,,충남,아산시,(도비)아산 THE 이룸 장애인탁구 스포츠클럽,지체장애,"매주 화,목 13:00~17:00",
탁구,,서울,강동구,센터봄 탁구클럽,기타장애,매주 금 오후 1시30분,
탁구,,경기,안산시,최상클럽,뇌병변장애,웡~금 오전 8시에서 ~,취미나 친목 따위의 공통된 목적을 가진 사람들이 조직한 단체.  클럽의 의미를 훼손하지 않고 취미와 친목을 가지면서 서로가 배척하는 분위기를 만들지 않는 모임으로 나갔으면 합니다.
탁구,,전남,광양시,광양시자립탁구클럽,지체장애,"매주 화, 오전 10시",
탁구,,경북,경산시,경산진량탁구클럽,지체장애,"매주 토,일 오후 4시",
탁구,,울산,울주군,울주군복탁모동호인클럽,지체장애,"매주 월,금 오후 4시까지, 토 오후 1시까지","장애인 재활운동으로는 아주 적합한 운동이며, 복지관에서 인기가 상당히 있음."
탁구,,충남,서산시,모드니탁구 스포츠 클럽,지체장애,매주 목 13:00,
탁구,,충남,서산시,장애청소년 탁구교실,지적장애,매주 화13:40,
탁구,,경남,김해시,탁사랑,지체장애,"매주 수, 오후2시",생활체육을 통하여 활동력을 제공하며 운동을 통하여 재활에 자신감을 심어 사회복귀에 도움을 줍니다.  저희 체육동아리는 건강한생활을 적적적으로 돕습니다.
탁구,,충남,서산시,핑퐁탁구클럽,지적장애,매주 목 10시 30분,
탁구,,강원,영월군,영월장애인탁구동호인,지적장애,매주 목 오전 10:30 ~ 11:30,장애인탁구동호인클럽
탁구,,광주,북구,빛고을장애인탁구,지체장애,매주 월화수목금토10시ㅡ16;00,지체장애인과 보호자가 함께운동하는멋진클럽
탁구,,경남,창원시진해구,씽씽탁구동호회,지체장애,매주 수요일 4시~6시,창원시 진해장애인복지관에서 장애인탁구를 통해 멋진 삶을 만들어가는 씽씽탁구동호회입니다.
탁구,,경기,양주시,양주시그루터기탁구클럽,지적장애,매주 금 오후 2시~16시,"전공과 및 고등학교 졸업이후 탁구에 관심이 있는  지역 발달장애인들 으로 구성된 모임 입니다  탁구클럽 스포츠 활동 하므로서 재활, 여가 활동 으로 사회성향상으로 적극적인 사회참여 유도"
탁구,,경기,오산시,탁톡클럽,지체장애,화금 오후2시,
탁구,,경남,창원시,하나탁구동호회,지체장애,"월,화,목,금","? 건전한 스포츠정신으로 장애인탁구를 즐기며, 회원들 간 친목을 도모한다.    ? 신규 또는 여성 장애인들에게 탁구를 통해 지속적인 생활체육 참여기회를 제공한다.    ? 평소 운동기회가 적은 많은 장애인들에게 여가활동과 침목다짐의 장이 되도록 한다."
탁구,,전북,전주시,전주거북이탁구클럽,지체장애,"매주 화,목 오후 2시",
탁구,,대전,유성구,대전 탁구 동호회,기타장애,"매주 월,수 15:00~16:00",
탁구,기타,전북,김제시,장애인에이스클럽,지체장애,"월,목오후 1시",장애인과 비장애인의 어우림및 전문지도자 참여로 전문 선수까지
탁구,,경남,김해시,푸른소나무,지체장애,매주 5회 4시간,
탁구,,대전,유성구,2022 탁구 동호회,지체장애,"월, 금 15:00~16:00",
탁구,,전남,목포시,목포장애인탁구클럽,지체장애,화요일 오후1시~4시,장애인과 비장애인 모두 탁구가 좋아 만나는 클럽!!
탁구,,전북,김제시,지평선장애인탁구클럽,지체장애,"매주 월,목 오후 1시",
탁구,,경기,양평군,양평군장애인탁구클럽,지체장애,"매주 수, 금 오후1시~5시",양평군장애인 복지관의 이용하는 장애인과 양평군 거주 장애인을 위한 건강과 사회통합을 통한 장애인 삶의 질 향상을 위한 클럽 목적.
탁구,,전북,군산시,2022년 전북장애인생활체육 군산새만금PPL탁구클럽,지체장애,매주 토요일 10:00~12:00,
탁구,,전북,익산시,익산어메이징 탁구동호회,지체장애,매주 월수금 16시,
탁구,,경기,김포시,김포통진참소리탁구클럽,기타장애,매일오후1시,장애인과 비장애인이 함께 운동하는 어울림 클럽으로 장애인 전문선수 육성을 목표로  지역사회 생활체육인들과 활발하게 교류하고 있습니다.
탁구,,전북,완주군,완주재활탁구클럽,지체장애,매주 목 오후 3시,
탁구,,경남,사천시,와룡장애인탁구동호회,지체장애,14시~16시,재미 있읍니다.
탁구,,충남,보령시,힐링탁구스포츠클럽,지체장애,"매주월,목 오후 13:00",보령 관내 거주하시는 장애인분들을 대상으로 탁구 스포츠클럽을 운영하고 있습니다.  언제든지 문의주세요.
탁구,,충남,금산군,2022 금산군장애인 시각탁구 교실,시각장애,"매주 화,수 오전 10시",
탁구,,경기,고양시,고양시장애인탁구클럽,기타장애,"매주 월, 수, 금 오후 1시~5시",생활체육을 통한 제가장애인들의 사회활동을 이끌고 전문체육선수로의 발전을 도모하는 클럽
탁구,,경남,진주시,진주시장애인탁구협회,지체장애,매주 수요일 2시~4시,
태권도,,대전,유성구,2022 이삭 태권도장,지적장애,"매주 목,금 10시30분",2022년 이삭주간보호센터 생활체육 동호회 사업 태권도 프로그램을 위한 클럽입니다. ^^
태권도,,전북,김제시,김제 해내리 태권도클럽,지적장애,매주 화 오후 3시,
태권도,,대구,서구,서대구태권체조클럽,지적장애,매주 화 오전11시,"성인발달장애인(지적, 자폐성) 참여자 클럽으로 태권도와 각종 체조들을 혼합하여 즐겁고 신체와 마음을 건강하게 도와주는 활동을 합니다."
태권도,,경기,광명시,광명시장애인태권도협회,지적장애,매주 목요일 9시~1시30분,
태권도,,전북,익산시,함열유소년태권도클럽,지적장애,매주월수 17시,
태권도,,전북,익산시,함열태권도클럽,지체장애,수목 10시 30분,
태권도,,전북,김제시,김제 보호작업장 태권도클럽,지적장애,매주 화 오후 2시,
태권도,,대전,중구,스페셜리태권클럽,지적장애,"매주 수,금 10시30분",
태권도,,충북,청주시,2022 희망태권도클럽,지적장애,매주 목 오전 10시,희망태권도클럽은 지적장애인분들의 심신단련과 정서적 안정을 도모하기 위해 우리나라 국기인 태권도를 연마하는 클럽으로 태권도에 대한 관심이 많은 지적장애인분들의 많은 참여와 관심 부탁드립니다.
태권도,,울산,남구,울산무거복지센터 태권도 동호회 &quot;몸튼튼 마음 튼튼&quot;,지적장애,"매주 수, 금 오전11시~12시",&quot;몸 튼튼 마음 튼튼&quot; 울산무거복지센터 이용 장애인분들의 태권도 동호회 입니다.
테니스,,부산,금정구,부산백호휠체어테니스클럽,지체장애,"매주 월,수,금 10시~18시",테니스를 배우고싶은 모든 분들 환영합니다
테니스,,전북,군산시,2022년 전북장애인생활체육 군산휠테니스클럽,지체장애,매주 목요일 13:00~17:00,
테니스,,경기,수원시,수원클럽,지체장애,월~금,
테니스,,대구,달서구,대구휠체어테니스클럽,지체장애,"매주 월,화,목,금 오후2시","오후 2시~6시   매주 월,화,목,금 클럽활동"
테니스,,광주,서구,투바운드클럽,지체장애,"매주월,수,금오후2시~5시",
테니스,,경기,용인시,에이스클럽,지체장애,매주 월~금,
테니스,,충북,충주시,2022 충주휠체어테니스클럽,지체장애,매주 수 10시~12시,장애인들의 신체적인 활동을 통한 친목 도모 및 휠체어 테니스 활성화.
파워싸커,,서울,중구,중구 노마크 전동축구클럽,지체장애,매주 토 오후 3시,"2년차 파워싸커(전동축구) 클럽으로 지체, 뇌병변으로 구성된 팀입니다. 전동축구를 좋아하는 사람이라면 누구나 환영합니다."
파워싸커,,서울,은평구,은평어벤져스파워싸커클럽,뇌병변장애,1..3주 토 오후2시,전동휠체어를 타고 축구하는 모임입니다. 전동휠체어를 타시는 분들이 많습니다.   4명이 한팀이 되어 농구장크기 규모에서 골대에 공을 넣어 득점을 겨루는 매우 활동적인 팀스포츠입니다.   기본 이론부터 경기까지 차근차근 배워나갑니다. 10월에는 서울 동호인들의 대회가 있습니다.   많은 참여바랍니다.
파워싸커,,서울,중랑구,중랑 토네이도 파워싸커(전동축구),지체장애,"매주 금, 토 오후3시","2017년 2월 경에 파워싸커 토네이도 팀으로 창립되었으며, 해마다 각종 대회에 참여해 입상경력이 있으며, 4명이상의 선수들로 구성된 팀입니다."
파워싸커,,서울,성북구,성북구 노들PAN 파워싸커(전동축구),뇌병변장애,매주 화요일 3시,파워싸커를 통해 장애인 당사자들이 역동적인 스포츠를 경험 할 수 있도록 기회를 제공하여 모두 함께 즐겁게 여가시간을 보낼 수 있는 클럽입니다
파워싸커,,서울,용산구,용산FC 파워싸커(전동축구),지체장애,월4회 월요일 오후2시,용산구 독립연대 소속의 파원싸커 팀입니다
파워싸커,,서울,영등포구,영등포 봉고레패밀리 전동축구클럽,뇌병변장애,1..3주 토 오후2시,전동휠체어를 타고 축구하는 모임입니다. 전동휠체어를 타시는 분들이 많습니다.   4명이 한팀이 되어 농구장크기 규모에서 골대에 공을 넣어 득점을 겨루는 매우 활동적인 팀스포츠입니다.   기본 이론부터 경기까지 차근차근 배워나갑니다. 10월에는 서울 동호인들의 대회가 있습니다.   많은 참여바랍니다.
파크골프,,서울,강남구,강남 파랑새 파크골프클럽,지체장애,매주 목,장애인 누구나 비장애인도 함께하는 파크골프클럽
파크골프,,전북,익산시,선동선화 장애인파크골프 동호인,지체장애,매주 수목 16시,
파크골프,,대구,달성군,비슬파크골프클럽,지체장애,매주수요일,
파크골프,,서울,송파구,송파 작은불꽃파크골프동호회,기타장애,매주 수 오후 3시,"2021년 2월 3일 결성된 어울림 파크골프 동호회로서 현재 회원은 20명(장애인 15명, 비장애인(봉사자) 5명)입니다."
파크골프,,충남,서산시,뜸부기 파크골프 클럽,지체장애,매주 토 13:00,
파크골프,,서울,종로구,렛츠고 파크골프클럽,지체장애,"매월 1,3주 토 오후 2시~4시",
파크골프,,경기,파주시,한수위클럽,기타장애,매주 목 오후 2시~3시,
파크골프,,서울,구로구,구로구장애인한마음파크골프동호회,지체장애,매주 목 오후 4시,장애인 생활체육 활성화를 위한 친목 모임 등
파크골프,,충남,서산시,성봉파크골프클럽,지체장애,매주 수목 13시,
파크골프,,경남,창원시마산합포구,마금산동호회클럽,지체장애,"매주 월,토 오전 09:30",본 동호회는 장애인의 체력향상을 위해 비장애인과 같이 어울려 여가시간에 건전한 생활체육을 함으로 동호인 상호간의 친목를 도모 하고 사회인으로 성장하는데 목적이 있다.
파크골프,,충남,보령시,비바장애인골프클럽,지체장애,매주 토 오전10,저희 비바장애인골프클럽은  장애인전용구장에서 장애인들로 구성된 골프클럽이며 장애인직업선수들만 4명이나   있으며 장애인들이  날마다 나와서 편하게  운동할 수  있은 구장으로써  실력 향상에도 큰 도움이 되고있습니다
파크골프,,서울,성동구,성동지체 파크골프 한궁 동호인클럽,지체장애,격주금요일,2020년부터 2년동안 파크골프동호인클럽으로 운영되었고 이번 2022년도에 다리가 불편하신 분들도 즐길수있는 한궁 종목을 추가하였습니다
파크골프,,서울,송파구,송파 파인파크골프동호회,지체장애,매주 수요일 오후1시,교통장애인회원들의 친목과 건강증진을 목적으로 창립
파크골프,골프,경남,진주시,진주시장애인스크린및필드골프클럽,지체장애,매주 토요일 10시,안녕하세요 진주시장애인필드골프클럽입니다.   골프에 관심이 많은 장애인분들은 연락주세요   같이 즐겁게 클럽할동합시다.   감시합니다.
파크골프,골프,경남,진주시,진주시장애인파크골프클럽,지체장애,매주토요일 오전10,안녕하세요 진주시장애인파크골프클럽입니다. 항상 파크골프을 배우고 싶은분들은 진주시장애인파크골프클럽으로 연락주세요 언제나 환영합니다. 감사합니다.
파크골프,,경남,함양군,지리산 함양,지체장애,매주 수요일 오후 1시,
파크골프,,경기,부천시,부천판타지아동호회,지체장애,매주토요일 오후2시,
파크골프,,서울,송파구,송파지장협 파크골프클럽,지체장애,매주 수 오전10~12시,
파크골프,,경남,진주시,진주시뇌병변파크골프클럽,뇌병변장애,월수금오전10,경남진주시 뇌병변장애인들이 2020.10.07 파크골프클럽 결성하여 2020년 10월부터 2020년 뇌병변장애인 파크골프교실 운영하고 있으며 회원들의 운동 및 자조모임 형식으로 운영함
파크골프,,서울,영등포구,영등포구 영복회 파크골프클럽,지체장애,"매주 수,금 오후2시",
파크골프,,충북,제천시,2022 사하파크골프클럽,지적장애,매주 수 오전 9시-11시,사하의 집 거주시설 이용인 대상의 파크골프클럽입니다
파크골프,,경남,창원시진해구,진해벚꽃장애인파크골프동우회,지체장애,"매주 금,토",
파크골프,,경남,창원시,파크골프 민들레 동호회,기타장애,매주 화 오후 4시간,파크골프 민들레 동호회는 장애인 12명과 비장애인 13명으로 총 25명 회원이 장애인과 비장애인이 함께 편성되어 파크골프 운동을 통해서 건강 증진과 재활 및 여가 생활을 함으로써 장애인과 비장애인의 양극화 해소와 건강 증진에 기여하여 행복한 삶을 살아 갈 수 있도록 하고 있음
파크골프,,충남,예산군,(도비)2022년 한사랑파크골프클럽,지체장애,매주 목요일 13시30분,안녕하세요. 저희 예산군 한사랑파크골프클럽은 매주 목요일 13:30~15:30 무한천파크골프장에서 진행됩니다.  예산군내 파크골프를  사랑하시는 장애인분들은 많은 관심바랍니다.
파크골프,,충북,음성군,2022 샛별파크골프동호회,지체장애,수 목 요일,샛별 장애인어울림
파크골프,,충남,부여군,(기금)사비파크골프클럽,지체장애,매주 토 15시,
파크골프,,경남,양산시,둥지파크,지적장애,매주 금요일 오후4시,
파크골프,골프,경남,창원시진해구,드림홀인원,기타장애,매주 토.일,중증/경증 장애인 및 비장애인 으로 어울림 동아리로 구성 되어있으며 진해 풍호파크골프장에는 창원연합 회원으로 가입 되신 분들이 운동을 합니다 우리 클럽의 중증회원은 창원북면 사회인 야구장 옆 장애인파크골프장에서 매주 토.일 그의 시간 되시는 분들은 수시로 운동을 합니다.
파크골프,,충남,홍성군,홍성군파크골프동호회,지체장애,매주 수요일 오후 2시,
파크골프,,경기,여주시,여주시희망골프클럽,지체장애,매주 토요일 오전 09시,
파크골프,,전북,전주시,전주파크골프클럽,지체장애,매주 수 오후 3시,
파크골프,,제주,제주시,해오름파크골프클럽,뇌병변장애,매주 월화수금 12:00~16:30,"장애인의 생활체육 참여 유도 및 파크골프의 저변 확대를 위한 목적으로 장애인(7명)과 비장애인(3명이   혼성(남 4명, 여 6명)으로 구성하였으며 점차적으로 회원 모집을 통한 지역생활 체육 발전에 기여하고자 함"
파크골프,,경남,진주시,진주시일송파크골프회,지체장애,"매주토,일오후2시",
파크골프,,경기,수원시,수원이글스클럽,지체장애,매주 토,
파크골프,골프,대전,동구,대전골프일팀,지체장애,"매주 월 ,화,수,목,금오후1시",
파크골프,,울산,중구,희망나눔동행파크골프동호회,기타장애,매주 수 오전 10시,"희망나눔파크골프동호회는 나라를 위해 희생, 공헌한 국가유공자(상이군경)가 회원으로 구성  되어 60, 70대의 고령에도 건전한 생활체육 활동을 통해 상이처의 재활 및 심신의 건강을 유지  하고자 결성된 동호회임."
파크골프,,서울,중랑구,중랑까치파크골프클럽,뇌병변장애,"매주 수, 금 오후1시~5시","중랑구를 거점으로 장애인과 비장애인이 함께 어울려 활동하는 파크골프클럽입니다.   생활 속에서 여가활동과 건강증진을 향상 시키며, 상호 정보 교류 및 유대관계를 형성하여 즐겁게 활동하고자 하는 클럽입니다."
파크골프,,경기,군포시,군포파크골프,지체장애,"화,목 오후 2시","군포장애인골프협회 클럽은 지체장애,뇌병변장애와 비장애인이 함께하는 파크골프로 건강한정신과 건강한 신체를 함께하는 모임입니다."
파크골프,,경남,창원시,반딧불 클럽,지체장애,"매주 월, 수 10:00~12:30",
파크골프,,서울,강서구,강서어울림파크골프클럽,기타장애,매주 토요일 오후 한시,"저희 강서어울림파크골프는 지체, 뇌병변, 비장애인 매주 토요일 푸른 잔디에서 장애인과 비장애인과  파크골프를 통해 건전한 정신과 체력증진을 합니다,"
파크골프,,경남,하동군,한마음클럽,지체장애,"매주 월, 오전 10시",
파크골프,,서울,노원구,노원 한마음파크골프동호회,지체장애,매주 화 13시~17시,서울 노원구에서 활동하는 장애인과 비장애인이 함께 운동하는 파크골프 어울림 동호회입니다.  지역에 중랑천파크골프장의 개장과 더불어 파크골프 생활체육 동호인들이 함께 어울려 운동하고 있습니다.
파크골프,,경기,가평군,가평장애인파크골프협회,지체장애,"매주 수,토 오전8시",가평군 장애인들이 함께 만들어 가는 장애인골프클럽입니다.
파크골프,골프,광주,서구,광주광역시장애인서구파크골프동호인클럽,지체장애,매주 월.수.금 13시~18시,누구나 할수있은파크골프입니다.
파크골프,,경남,창원시,마산농아인파크골프클럽,청각장애,"매주 월,수 오전 10시",스포츠를 통하여 농아인의 체력 단력 및 사회통합 도모
파크골프,,대구,달서구,한마음파크골프클럽,지체장애,"매주 화,토",장애인 비장애인 즐겁게 운동하는 클럽입니다.
파크골프,골프,경남,창원시의창구,파크골프 해피클럽,지체장애,매주 수 오후2시,해피클럽은 장애 바장애 회원이 함께 체육활동을 하는 동아리입니다.
파크골프,,서울,마포구,마포지부 파크골프(마파동),지체장애,매주 목 오후 2시,생활체육 활동을 통해 장애인들의 건강증진과 회원들과의 친목교류를 이루며     삶의 질 향상을 도모하고자 함.
파크골프,,전북,정읍시,2022전북장애인생활체육 파크골프클럽,지체장애,매주 토 14:00~16:00,
파크골프,골프,서울,강서구,강서위너스파크골프동호회,지체장애,매주 토 오후 1시,"장애인,비장애인 모든 사람이 다함께 어울려 운동하는 동호회로 집에만 움츠리고 있는 장애인들에게 밖에서 활동할 기회를 주어짐으로 삶의 즐거움과 행복함을 만끽하게 하는데 목적이 있다. 아울러 재활을 겸하며 건강 증진에도 도움이 되는 운동이다."
파크골프,,경남,창원시마산합포구,2022 마산장애인파크골프동호회,지체장애,매주 금요일 오전 9시,
파크골프,,서울,노원구,노원 킹스필드파크골프클럽,지체장애,"매주 화,토 10시~17시",어울림 장애인파크골프
파크골프,,부산,동구,하사가파크골프동호회,지체장애,거의 매일,"2012년 하사가 장애인 상담넷 운영자 이복남님, 김정포님등이 주축이 되어 회를 조직하여 금년에 10주년을 맞이하며 ,초기 멤버들이 많이 탈회하면서 2022년 새롭게 출발.   하늘.사랑.가족을 중시하는 우정의 클럽"
파크골프,,경기,화성시,화성피닉스클럽,지체장애,"매주 화,목 오후 2시",우리 단체는 지체장애인과 뇌병변 장애인 회원으로 구성되어 열정을 가지고 활발히 운동하고 친목을 다지고 있습니다.
파크골프,,부산,북구,부산북구장애인파크골프클럽,지체장애,매주 수요일 오후2시,? 파크골프를 통해 장애인의 기초체력증진 및 야외 활동을 통한 신체 기능 향상    ? 참가자 간의 상호작용을 통해 자존감 향상 및 사회참여의식 향상    ? 활동을 통해 심신의 안정 도모
파크골프,,서울,양천구,양천파크골프클럽,지체장애,매주화12시,
파크골프,,서울,강북구,강북드림파크골프클럽,지체장애,매주 토 오후 1시,"서울특별시장애인골프협회 소속 드림파크골프 동호회는 2015년에 창단되었습니다.  파크골프를 통해 장애인과 비장애인이 함께 소통하며 생활체육으로 하나되는 사람들의 모임입니다.  강북구에 소재하고 있으며 장애인, 비장애인 모두 환영합니다."
파크골프,,경기,의왕시,의왕시도깨비파크골프,지체장애,매주 토 오전10시,신출 귀몰하다
파크골프,골프,광주,남구,광주장애인남구재석파크골프동호인,기타장애,매주 화.목.토13시~18시,3대가 할 수있은 파크골프입니다.
파크골프,골프,광주,동구,광주장애인동구무등산파크골프동호인,기타장애,매주월.수.금 13시~18시~,남 여 누구나 할 수있은 파크골프 많은회원으로 참여합시다.
파크골프,,서울,은평구,은평구 장애인 파크골프클럽,기타장애,08~13,장애인과 비장애인이 어울려 파크골프를 치면서 친목을 도모하는 클럽
파크골프,,경남,김해시,신가야,지체장애,매주.수오후1시,
파크골프,골프,광주,서구,광주장애인빛고을파크골프동호인,기타장애,매주 금.토.일 13시~18시,남 여 누구나 즐길수있은 파크골프입니다
파크골프,,경남,양산시,SJ파크골프,기타장애,"화,목,토,일 3시",비장애인화 화합과 친모도모 체력 단력 우수한 성적
파크골프,,경남,양산시,US파크골프클럽,기타장애,매주 토. 일 오후 2시,중증장애인 건강증진을위한 체육활동 기회를 갖고자 설립된 클럽이며 회원13명으로 구성됨
파크골프,,충남,아산시,(도비)온아파크골프클럽,지체장애,매주 수 16:00~18:00,
파크골프,,충남,금산군,(기금)2022년 금산군 장애인 파크골프 동호회,지체장애,매주 화 오후 2시30분,
파크골프,,충남,청양군,(기금)청양장애인파크골프클럽,지체장애,매수 수 오전 10시,
파크골프,,경기,부천시,부천시장애인골프협회,지적장애,화요일 오후2시,
파크골프,,서울,강서구,한누리 파크골프동호회,지체장애,매주 일요일 오후 1시,
파크골프,골프,서울,동작구,서남파크골프동호회,지체장애,매월 셋째주 금요일. 수시모임,본 클럽은 2013년도 5월예 설립하여 9년간 활동해 온 클럽으로 동작구에 지부를 두고 16명의 회원을 두고 있음.
파크골프,골프,광주,서구,무지개파크골프동호인,기타장애,매주 수.금.일 09시~12,누구나 할수있은파크골프입니다.
파크골프,골프,광주,북구,광주장애인북구웰컴파크골프동호인클럽,기타장애,매주 월.수.금 13시~18시,3대가 할수있은 파크골프입니다.
파크골프,,충남,공주시,(기금)백제파크골프동호회,지체장애,"매주 월,수 10시",
파크골프,,경기,구리시,동구클럽,지체장애,매주 일요일 10:00-15:00,
파크골프,,충북,제천시,2022 제천장애인북부파크골프클럽,지체장애,"월, 목","제천시장애인골프협회 회원 중 복지카드 소지 회원으로 구성된 동호인클럽으로 장애인의 정서적, 신체적 재활 도모, 제천시 지역내 장애인의 삶의 질 향상은 물론, 장애인 인식개선과 장애인 차별을 없애고 장애인 파크골프의 저변확대를 모색하고자 함."
파크골프,쇼다운,충남,천안시,(시비)시각장애인 스포츠클럽,시각장애,매주 화13:00/수9:40/금9:40,
파크골프,,경기,화성시,화성코리요골프클럽,지체장애,"매주 목,일 오후2시",비장애인과 장애인이 함께 어울려 운동 함으로써  성취감과 건강을 추구하는클럽
파크골프,,경기,광명시,광명시장애인파크골프클럽,지체장애,매주 금요일 11시,광명시파크골프클럽
파크골프,골프,광주,동구,광주장애인동구럭키파크골프동호인클럽,기타장애,매주 화.목.토13~18,남 여 3대가할수있은 파크골프입니다.
파크골프,,경남,양산시,아리랑클럽,지체장애,"매주,토.일오후1시","장애인의 건강증진과 사회 참여를 위하여, 장애인과 비장애인이 어울어져 서로 서로 도와주며 재미나게 클럽활동을 하고 있는 동아리 입니다."
파크골프,,강원,철원군,철원군지체장애인파크골프동호회,지체장애,매주화 오전10시,
파크골프,기타,경남,양산시,아리랑A,뇌병변장애,매주목요일 14시-17시,
파크골프,,경기,김포시,김포시장애인골프협회,지적장애,매주 금 오후4시,
파크골프,,강원,태백시,사)강원도농아인협회태백시지회,청각장애,매주 화 오후 2시,안녕하세요 태백시농아인파크골프동호인클럽입니다.
파크골프,,경기,의정부시,버디버디골프클럽,지체장애,매주금요일 2시,
파크골프,골프,경기,하남시,하남시지장협파크골프,지체장애,"매주 토, 일요일 오전 9시",하남시지체장애인협회 회원 단합과 체력 향상하는 클럽입니다.
파크골프,,경기,부천시,부천드림골프클럽,지체장애,매주토요일 오후2,
파크골프,,충남,천안시,(기금)천안시장애인골프클럽,지체장애,매주 화 14:00~16:00,
파크골프,,충남,계룡시,(도비)계룡시장애인 레인보우파크골프 클럽,지체장애,매주 월 15:00~17:00,
파크골프,,경기,부천시,부천그레이트골프클럽,지체장애,매주 토 1시,
파크골프,,경기,고양시,고양나이스,지체장애,"매주 월,수,목,금 토 일",고양나이스클럽은 2012년 7월10일에 생성되었습니다 그후 고양시에서 어울림 파크골프를 통해 장애인들의 건강증진과 삶의 질을 높이고 고양시의 위상를 높이는데 지대한 영향을 주고있는 클럽입니다.
파크골프,,충남,태안군,(기금)태안군 장애인 파크골프클럽,지체장애,매주 화요일 13시 30분,^^
파크골프,,충남,천안시,(시비)시각장애인스포츠클럽(파크골프),시각장애,"매주 화,수 오전9시30분",
파크골프,,경남,창원시,믿음클럽,기타장애,매주2회,장애비장애어울림클럽으로 매주2회모여서 건강관리겸운동
파크골프,,대구,달성군,에버그린파크골프클럽,지체장애,"매주 토, 일 오전 10시","운동강도에 비해서 유산소운동의 효과가 뛰어나고, 특히 자연 속에서 어린아이와 노인이 세대를 뛰어넘어서, 장애인과 비장애인이 다함께 어울릴 수 있는 파크골프를 즐기는 생활체육클럽입니다.  성별, 나이,  장애 유무와 상관없이 누구나 회원이 될 수 있는 어울림 클럽으로  주 2회 이상 체육활동에 참여하여  회원 상호간 친목을 도모하고 건강하고 행복한 삶을 누리는 것을 그 목적으로 하는 어울림 생활체육클럽입니다."
파크골프,,경남,양산시,정겨운파크골프,지체장애,매주 수요일 오후1시,사회적협동조합 정겨운사람들의 장애인근로자들로 이뤄진 체육동아리
파크골프,,광주,광산구,광주장애인광산구청솔파크골프클럽,뇌병변장애,매주 월.수.금 13시~18시,3대가할수있은파크골프입니다.
파크골프,,대구,중구,홀인원파크골프클럽,지체장애,매주 토.일 오후2시,홀인원클럽은 파크골프를 좋아하고 관심이 있는 사람은 누구든지 가입을 할수있습니다.
파크골프,,전남,영광군,소나무클럽,지체장애,매주 토요일 오전 10시 30분,소나무클럽은 영광군 장애인생활체육 클럽입니다.
파크골프,,경남,양산시,굼벵이,지체장애,매주 토.일 오후2시,
파크골프,,경남,김해시,에코파크골프,지체장애,매주토요일,장애&amp;비장애어울림
파크골프,,충남,서천군,(기금) 파크골프클럽,지체장애,"매주 토,오전 11시",
파크골프,,경기,구리시,보향클럽,지체장애,매주 금요일 10:00~15:00,
파크골프,,대구,달서구,달구벌파크골프클럽,기타장애,"매주 화, 토 오후2시~5시",
파크골프,,경기,구리시,온달클럽,지체장애,매주 수요일 10:00-15:00,
파크골프,,충북,청주시,2022 까치내파크골프클럽,지체장애,"매주 화, 목 오후 1시",청주시 장애인 파크골프 클럽
파크골프,,경남,창원시진해구,손사랑파크골프동아리,청각장애,매주 수요일 10시,창원시 진해 지역 내 청각 언어 장애인과 수어통역사들의 파크골프 동아리입니다
파크골프,,경남,양산시,양산 청맥클럽 동아리,기타장애,매주 일  오후 1시,장애인과 비장애인이 함께 어울리는 단체입니다.
파크골프,,대구,북구,이글파크골프클럽,지체장애,"매주 토,일 오후2시","본 이글파크골프클럽은 지체장애인협회 서구지회 임원들로 최초로 구성되어 서로간의 친목과 화합정신 및 체력을 증진시키고자  시작하였던 운동이였습니다. 해를 거듭 할 수록 발전하여 오늘에 이르고 있으며, 지체장애인과 일반인이드라도 장애인부부일경우 가입할 수  있습니다."
파크골프,,경남,창원시마산회원구,천마동호회,지체장애,매주 금요일 오후2시,본회는 지체장애인들이 모여서 여가활용으로 생활체육활동을함.
펜싱,,광주,서구,펜싱동호인클럽,기타장애,"매주 수,금 오후2시",
펜싱,,전남,해남군,HPF휠체어펜싱클럽,기타장애,매주 금요일,휠체어펜싱장을 개인훈련장을 건축해서 장애인들이 무료로 사용할수 있도록 개방하고 있음
플로어볼,특수체육,부산,사하구,신평 F.C (플로어볼),지적장애,"매주 월, 목 6시",
플로어볼,,대전,유성구,대전휠체어 플로어볼,지체장애,매주 토요일 13시,대전에서 휠체어 플로어볼을 체험해 보실 분은 언제든 환영 합니다.
